
UsersController
  GET #edit
    ログインユーザーの場合
[32m      レスポンスが成功すること[0m
[32m      @userが正しく設定されていること[0m

Bookモデルのテスト
  バリデーションのテスト
    titleカラム
[32m      空欄でないこと[0m
    bodyカラム
[32m      空欄でないこと[0m
[32m      200文字以下であること: 200文字は〇[0m
[32m      200文字以下であること: 201文字は×[0m
  アソシエーションのテスト
    Userモデルとの関係
[32m      N:1となっている[0m

Userモデルのテスト
  バリデーションのテスト
    nameカラム
[32m      空欄でないこと[0m
[32m      2文字以上であること: 1文字は×[0m
[32m      2文字以上であること: 2文字は〇[0m
[32m      20文字以下であること: 20文字は〇[0m
[32m      20文字以下であること: 21文字は×[0m
[32m      一意性があること[0m
    introductionカラム
[32m      50文字以下であること: 50文字は〇[0m
[32m      50文字以下であること: 51文字は×[0m
  アソシエーションのテスト
    Bookモデルとの関係
[32m      1:Nとなっている[0m

[STEP1] ユーザログイン前のテスト
  トップ画面のテスト
    表示内容の確認
[32m      URLが正しい[0m
[32m      Log inリンクが表示される: 青色のボタンの表示が「Log in」である[0m
[32m      Log inリンクの内容が正しい[0m
[32m      Sign upリンクが表示される: 緑色のボタンの表示が「Sign up」である[0m
[32m      Sign upリンクの内容が正しい[0m
  アバウト画面のテスト
    表示内容の確認
[32m      URLが正しい[0m
  ヘッダーのテスト: ログインしていない場合
    表示内容の確認
[32m      Bookersリンクが表示される: 左上から1番目のリンクが「Bookers」である[0m
[32m      Homeリンクが表示される: 左上から2番目のリンクが「Home」である[0m
[32m      Aboutリンクが表示される: 左上から3番目のリンクが「About」である[0m
[32m      Sign upリンクが表示される: 左上から4番目のリンクが「Sign up」である[0m
[32m      Log inリンクが表示される: 左上から5番目のリンクが「Log in」である[0m
    リンクの内容を確認
[32m      Bookersを押すと、トップ画面に遷移する[0m
[32m      Homeを押すと、トップ画面に遷移する[0m
[32m      Aboutを押すと、アバウト画面に遷移する[0m
[31m      Sign upを押すと、新規登録画面に遷移する (FAILED - 1)[0m
[31m      Log inを押すと、ログイン画面に遷移する (FAILED - 2)[0m
  ユーザ新規登録のテスト
    表示内容の確認
[31m      URLが正しい (FAILED - 3)[0m
[31m      「Sign up」と表示される (FAILED - 4)[0m
[31m      nameフォームが表示される (FAILED - 5)[0m
[31m      email_addressフォームが表示される (FAILED - 6)[0m
[31m      passwordフォームが表示される (FAILED - 7)[0m
[31m      password_confirmationフォームが表示される (FAILED - 8)[0m
[31m      Sign upボタンが表示される (FAILED - 9)[0m
    新規登録成功のテスト
[31m      正しく新規登録される (FAILED - 10)[0m
[31m      新規登録後のリダイレクト先が、新規登録できたユーザの詳細画面になっている (FAILED - 11)[0m
  ユーザログイン
    表示内容の確認
[31m      URLが正しい (FAILED - 12)[0m
[31m      「Log in」と表示される (FAILED - 13)[0m
[31m      nameフォームが表示される (FAILED - 14)[0m
[31m      passwordフォームが表示される (FAILED - 15)[0m
[31m      Log inボタンが表示される (FAILED - 16)[0m
[31m      email_addressフォームは表示されない (FAILED - 17)[0m
    ログイン成功のテスト
[31m      ログイン後のリダイレクト先が、ログインしたユーザの詳細画面になっている (FAILED - 18)[0m
    ログイン失敗のテスト
[31m      ログインに失敗し、ログイン画面にリダイレクトされる (FAILED - 19)[0m
  ヘッダーのテスト: ログインしている場合
    ヘッダーの表示を確認
[31m      Bookersリンクが表示される: 左上から1番目のリンクが「Bookers」である (FAILED - 20)[0m
[31m      Homeリンクが表示される: 左上から2番目のリンクが「Home」である (FAILED - 21)[0m
[31m      Usersリンクが表示される: 左上から3番目のリンクが「Users」である (FAILED - 22)[0m
[31m      Booksリンクが表示される: 左上から4番目のリンクが「Books」である (FAILED - 23)[0m
[31m      Log outリンクが表示される: 左上から5番目のリンクが「Log out」である (FAILED - 24)[0m
  ユーザログアウトのテスト
    ログアウト機能のテスト
[31m      正しくログアウトできている: ログアウト後のリダイレクト先においてAbout画面へのリンクが存在する (FAILED - 25)[0m
[31m      ログアウト後のリダイレクト先が、トップになっている (FAILED - 26)[0m

[STEP2] ユーザログイン後のテスト
  ヘッダーのテスト: ログインしている場合
    リンクの内容を確認: ※logoutは『ユーザログアウトのテスト』でテスト済みになります。
[31m      Homeを押すと、自分のユーザ詳細画面に遷移する (FAILED - 27)[0m
[31m      Usersを押すと、ユーザ一覧画面に遷移する (FAILED - 28)[0m
[31m      Booksを押すと、投稿一覧画面に遷移する (FAILED - 29)[0m
  投稿一覧画面のテスト
    表示内容の確認
[31m      URLが正しい (FAILED - 30)[0m
[31m      自分と他人の画像のリンク先が正しい (FAILED - 31)[0m
[31m      自分の投稿と他人の投稿のタイトルのリンク先がそれぞれ正しい (FAILED - 32)[0m
[31m      自分の投稿と他人の投稿のオピニオンが表示される (FAILED - 33)[0m
    サイドバーの確認
[31m      自分の名前と紹介文が表示される (FAILED - 34)[0m
[31m      自分のユーザ編集画面へのリンクが存在する (FAILED - 35)[0m
[31m      「New book」と表示される (FAILED - 36)[0m
[31m      titleフォームが表示される (FAILED - 37)[0m
[31m      titleフォームに値が入っていない (FAILED - 38)[0m
[31m      bodyフォームが表示される (FAILED - 39)[0m
[31m      bodyフォームに値が入っていない (FAILED - 40)[0m
[31m      Create Bookボタンが表示される (FAILED - 41)[0m
    投稿成功のテスト
[31m      自分の新しい投稿が正しく保存される (FAILED - 42)[0m
[31m      リダイレクト先が、保存できた投稿の詳細画面になっている (FAILED - 43)[0m
  自分の投稿詳細画面のテスト
    表示内容の確認
[31m      URLが正しい (FAILED - 44)[0m
[31m      「Book detail」と表示される (FAILED - 45)[0m
[31m      ユーザ画像・名前のリンク先が正しい (FAILED - 46)[0m
[31m      投稿のtitleが表示される (FAILED - 47)[0m
[31m      投稿のbodyが表示される (FAILED - 48)[0m
[31m      投稿の編集リンクが表示される (FAILED - 49)[0m
[31m      投稿の削除リンクが表示される (FAILED - 50)[0m
    サイドバーの確認
[31m      自分の名前と紹介文が表示される (FAILED - 51)[0m
[31m      自分のユーザ編集画面へのリンクが存在する (FAILED - 52)[0m
[31m      「New book」と表示される (FAILED - 53)[0m
[31m      titleフォームが表示される (FAILED - 54)[0m
[31m      titleフォームに値が入っていない (FAILED - 55)[0m
[31m      bodyフォームが表示される (FAILED - 56)[0m
[31m      bodyフォームに値が入っていない (FAILED - 57)[0m
[31m      Create Bookボタンが表示される (FAILED - 58)[0m
    投稿成功のテスト
[31m      自分の新しい投稿が正しく保存される (FAILED - 59)[0m
    編集リンクのテスト
[31m      編集画面に遷移する (FAILED - 60)[0m
    削除リンクのテスト
[31m      application.html.erbにjavascript_pack_tagを含んでいる (FAILED - 61)[0m
[31m      正しく削除される (FAILED - 62)[0m
[31m      リダイレクト先が、投稿一覧画面になっている (FAILED - 63)[0m
  自分の投稿編集画面のテスト
    表示の確認
[31m      URLが正しい (FAILED - 64)[0m
[31m      「Editing Book」と表示される (FAILED - 65)[0m
[31m      title編集フォームが表示される (FAILED - 66)[0m
[31m      body編集フォームが表示される (FAILED - 67)[0m
[31m      Update Bookボタンが表示される (FAILED - 68)[0m
[31m      Showリンクが表示される (FAILED - 69)[0m
[31m      Backリンクが表示される (FAILED - 70)[0m
    編集成功のテスト
[31m      titleが正しく更新される (FAILED - 71)[0m
[31m      bodyが正しく更新される (FAILED - 72)[0m
[31m      リダイレクト先が、更新した投稿の詳細画面になっている (FAILED - 73)[0m
  ユーザ一覧画面のテスト
    表示内容の確認
[31m      URLが正しい (FAILED - 74)[0m
[31m      自分と他人の画像が表示される: fallbackの画像がサイドバーの1つ＋一覧(2人)の2つの計3つ存在する (FAILED - 75)[0m
[31m      自分と他人の名前がそれぞれ表示される (FAILED - 76)[0m
[31m      自分と他人のshowリンクがそれぞれ表示される (FAILED - 77)[0m
    サイドバーの確認
[31m      自分の名前と紹介文が表示される (FAILED - 78)[0m
[31m      自分のユーザ編集画面へのリンクが存在する (FAILED - 79)[0m
[31m      「New book」と表示される (FAILED - 80)[0m
[31m      titleフォームが表示される (FAILED - 81)[0m
[31m      titleフォームに値が入っていない (FAILED - 82)[0m
[31m      bodyフォームが表示される (FAILED - 83)[0m
[31m      bodyフォームに値が入っていない (FAILED - 84)[0m
[31m      Create Bookボタンが表示される (FAILED - 85)[0m
  自分のユーザ詳細画面のテスト
    表示の確認
[31m      URLが正しい (FAILED - 86)[0m
[31m      投稿一覧のユーザ画像のリンク先が正しい (FAILED - 87)[0m
[31m      投稿一覧に自分の投稿のtitleが表示され、リンクが正しい (FAILED - 88)[0m
[31m      投稿一覧に自分の投稿のbodyが表示される (FAILED - 89)[0m
[31m      他人の投稿は表示されない (FAILED - 90)[0m
    サイドバーの確認
[31m      自分の名前と紹介文が表示される (FAILED - 91)[0m
[31m      自分のユーザ編集画面へのリンクが存在する (FAILED - 92)[0m
[31m      「New book」と表示される (FAILED - 93)[0m
[31m      titleフォームが表示される (FAILED - 94)[0m
[31m      titleフォームに値が入っていない (FAILED - 95)[0m
[31m      bodyフォームが表示される (FAILED - 96)[0m
[31m      bodyフォームに値が入っていない (FAILED - 97)[0m
[31m      Create Bookボタンが表示される (FAILED - 98)[0m
  自分のユーザ情報編集画面のテスト
    表示の確認
[31m      URLが正しい (FAILED - 99)[0m
[31m      名前編集フォームに自分の名前が表示される (FAILED - 100)[0m
[31m      画像編集フォームが表示される (FAILED - 101)[0m
[31m      自己紹介編集フォームに自分の自己紹介文が表示される (FAILED - 102)[0m
[31m      Update Userボタンが表示される (FAILED - 103)[0m
    更新成功のテスト
[31m      nameが正しく更新される (FAILED - 104)[0m
[31m      introductionが正しく更新される (FAILED - 105)[0m
[31m      リダイレクト先が、自分のユーザ詳細画面になっている (FAILED - 106)[0m

[STEP3] 仕上げのテスト
  サクセスメッセージのテスト
[31m    ユーザ新規登録成功時 (FAILED - 107)[0m
[31m    ユーザログイン成功時 (FAILED - 108)[0m
[31m    ユーザログアウト成功時 (FAILED - 109)[0m
[31m    ユーザのプロフィール情報更新成功時 (FAILED - 110)[0m
[31m    投稿データの新規投稿成功時: 投稿一覧画面から行います。 (FAILED - 111)[0m
[31m    投稿データの更新成功時 (FAILED - 112)[0m
  処理失敗時のテスト
    ユーザ新規登録失敗: nameを1文字にする
[31m      新規登録されない (FAILED - 113)[0m
[31m      新規登録画面を表示しており、フォームの内容が正しい (FAILED - 114)[0m
[31m      バリデーションエラーが表示される (FAILED - 115)[0m
    ユーザのプロフィール情報編集失敗: nameを1文字にする
[31m      更新されない (FAILED - 116)[0m
[31m      ユーザ編集画面を表示しており、フォームの内容が正しい (FAILED - 117)[0m
[31m      バリデーションエラーが表示される (FAILED - 118)[0m
    投稿データの新規投稿失敗: 投稿一覧画面から行い、titleを空にする
[31m      投稿が保存されない (FAILED - 119)[0m
[31m      投稿一覧画面を表示している (FAILED - 120)[0m
[31m      新規投稿フォームの内容が正しい (FAILED - 121)[0m
[31m      バリデーションエラーが表示される (FAILED - 122)[0m
    投稿データの更新失敗: titleを空にする
[31m      投稿が更新されない (FAILED - 123)[0m
[31m      投稿編集画面を表示しており、フォームの内容が正しい (FAILED - 124)[0m
[31m      エラーメッセージが表示される (FAILED - 125)[0m
  ログインしていない場合のアクセス制限のテスト: アクセスできず、ログイン画面に遷移する
[31m    ユーザ一覧画面 (FAILED - 126)[0m
[31m    ユーザ詳細画面 (FAILED - 127)[0m
[31m    ユーザ情報編集画面 (FAILED - 128)[0m
[31m    投稿一覧画面 (FAILED - 129)[0m
[31m    投稿詳細画面 (FAILED - 130)[0m
[31m    投稿編集画面 (FAILED - 131)[0m
  他人の画面のテスト
    他人の投稿詳細画面のテスト
      表示内容の確認
[31m        URLが正しい (FAILED - 132)[0m
[31m        「Book detail」と表示される (FAILED - 133)[0m
[31m        ユーザ画像・名前のリンク先が正しい (FAILED - 134)[0m
[31m        投稿のtitleが表示される (FAILED - 135)[0m
[31m        投稿のopinionが表示される (FAILED - 136)[0m
[31m        投稿の編集リンクが表示されない (FAILED - 137)[0m
[31m        投稿の削除リンクが表示されない (FAILED - 138)[0m
      サイドバーの確認
[31m        他人の名前と紹介文が表示される (FAILED - 139)[0m
[31m        他人のユーザ編集画面へのリンクが存在する (FAILED - 140)[0m
[31m        自分の名前と紹介文は表示されない (FAILED - 141)[0m
[31m        自分のユーザ編集画面へのリンクは存在しない (FAILED - 142)[0m
    他人の投稿編集画面
[31m      遷移できず、投稿一覧画面にリダイレクトされる (FAILED - 143)[0m
    他人のユーザ詳細画面のテスト
      表示の確認
[31m        URLが正しい (FAILED - 144)[0m
[31m        投稿一覧のユーザ画像のリンク先が正しい (FAILED - 145)[0m
[31m        投稿一覧に他人の投稿のtitleが表示され、リンクが正しい (FAILED - 146)[0m
[31m        投稿一覧に他人の投稿のopinionが表示される (FAILED - 147)[0m
[31m        自分の投稿は表示されない (FAILED - 148)[0m
      サイドバーの確認
[31m        他人の名前と紹介文が表示される (FAILED - 149)[0m
[31m        他人のユーザ編集画面へのリンクが存在する (FAILED - 150)[0m
[31m        自分の名前と紹介文は表示されない (FAILED - 151)[0m
[31m        自分のユーザ編集画面へのリンクは存在しない (FAILED - 152)[0m
    他人のユーザ情報編集画面
[31m      遷移できず、自分のユーザ詳細画面にリダイレクトされる (FAILED - 153)[0m
  グリッドシステムのテスト: container, row, col-md-〇を正しく使えている
[31m    ユーザ一覧画面 (FAILED - 154)[0m
[31m    ユーザ詳細画面 (FAILED - 155)[0m
[31m    投稿一覧画面 (FAILED - 156)[0m
[31m    投稿詳細画面 (FAILED - 157)[0m
  アイコンのテスト
    トップ画面
[32m      本のアイコンが表示される[0m
    アバウト画面
[32m      本のアイコンが表示される[0m
    ヘッダー: ログインしていない場合
[32m      Homeリンクのアイコンが表示される[0m
[32m      Aboutリンクのアイコンが表示される[0m
[32m      Sign upリンクのアイコンが表示される[0m
[32m      Log inリンクのアイコンが表示される[0m
    ヘッダー: ログインしている場合
[31m      Homeリンクのアイコンが表示される (FAILED - 158)[0m
[31m      Usersリンクのアイコンが表示される (FAILED - 159)[0m
[31m      Booksリンクのアイコンが表示される (FAILED - 160)[0m
[31m      Log outリンクのアイコンが表示される (FAILED - 161)[0m
    サイドバー
[31m      ユーザ一覧画面でレンチアイコンが表示される (FAILED - 162)[0m
[31m      ユーザ詳細画面でレンチアイコンが表示される (FAILED - 163)[0m
[31m      投稿一覧画面でレンチアイコンが表示される (FAILED - 164)[0m
[31m      投稿詳細画面でレンチアイコンが表示される (FAILED - 165)[0m

Failures:

  1) [STEP1] ユーザログイン前のテスト ヘッダーのテスト: ログインしていない場合 リンクの内容を確認 Sign upを押すと、新規登録画面に遷移する
     [31mFailure/Error: <%= link_to 'Log in', login_path, class: "link-offset-0 link-offset-0-hover link-underline link-underline-opacity-0 link-underline-opacity-75-hover" %>[0m
     [31m[0m
     [31mActionView::Template::Error:[0m
     [31m  undefined local variable or method `login_path' for an instance of #<Class:0x00007656bb63f8c0>[0m
     [36m# ./app/views/users/new.html.erb:41:in `_app_views_users_new_html_erb___3572316515646385405_32180'[0m
     [36m# ./spec/system/01_before_login_spec.rb:98:in `block (4 levels) in <main>'[0m
     [36m# ------------------[0m
     [36m# --- Caused by: ---[0m
     [36m# NameError:[0m
     [36m#   undefined local variable or method `login_path' for an instance of #<Class:0x00007656bb63f8c0>[0m
     [36m#   ./app/views/users/new.html.erb:41:in `_app_views_users_new_html_erb___3572316515646385405_32180'[0m

  2) [STEP1] ユーザログイン前のテスト ヘッダーのテスト: ログインしていない場合 リンクの内容を確認 Log inを押すと、ログイン画面に遷移する
     [31mFailure/Error: redirect_to login_url[0m
     [31m[0m
     [31mNameError:[0m
     [31m  undefined local variable or method `login_url' for an instance of SessionsController[0m
     [36m# ./app/controllers/concerns/authentication.rb:34:in `request_authentication'[0m
     [36m# ./app/controllers/concerns/authentication.rb:21:in `require_authentication'[0m
     [36m# ./spec/system/01_before_login_spec.rb:104:in `block (4 levels) in <main>'[0m

  3) [STEP1] ユーザログイン前のテスト ユーザ新規登録のテスト 表示内容の確認 URLが正しい
     [31mFailure/Error: <%= link_to 'Log in', login_path, class: "link-offset-0 link-offset-0-hover link-underline link-underline-opacity-0 link-underline-opacity-75-hover" %>[0m
     [31m[0m
     [31mActionView::Template::Error:[0m
     [31m  undefined local variable or method `login_path' for an instance of #<Class:0x00007656bb63f8c0>[0m
     [36m# ./app/views/users/new.html.erb:41:in `_app_views_users_new_html_erb___3572316515646385405_32180'[0m
     [36m# ./spec/system/01_before_login_spec.rb:112:in `block (3 levels) in <main>'[0m
     [36m# ------------------[0m
     [36m# --- Caused by: ---[0m
     [36m# NameError:[0m
     [36m#   undefined local variable or method `login_path' for an instance of #<Class:0x00007656bb63f8c0>[0m
     [36m#   ./app/views/users/new.html.erb:41:in `_app_views_users_new_html_erb___3572316515646385405_32180'[0m

  4) [STEP1] ユーザログイン前のテスト ユーザ新規登録のテスト 表示内容の確認 「Sign up」と表示される
     [31mFailure/Error: <%= link_to 'Log in', login_path, class: "link-offset-0 link-offset-0-hover link-underline link-underline-opacity-0 link-underline-opacity-75-hover" %>[0m
     [31m[0m
     [31mActionView::Template::Error:[0m
     [31m  undefined local variable or method `login_path' for an instance of #<Class:0x00007656bb63f8c0>[0m
     [36m# ./app/views/users/new.html.erb:41:in `_app_views_users_new_html_erb___3572316515646385405_32180'[0m
     [36m# ./spec/system/01_before_login_spec.rb:112:in `block (3 levels) in <main>'[0m
     [36m# ------------------[0m
     [36m# --- Caused by: ---[0m
     [36m# NameError:[0m
     [36m#   undefined local variable or method `login_path' for an instance of #<Class:0x00007656bb63f8c0>[0m
     [36m#   ./app/views/users/new.html.erb:41:in `_app_views_users_new_html_erb___3572316515646385405_32180'[0m

  5) [STEP1] ユーザログイン前のテスト ユーザ新規登録のテスト 表示内容の確認 nameフォームが表示される
     [31mFailure/Error: <%= link_to 'Log in', login_path, class: "link-offset-0 link-offset-0-hover link-underline link-underline-opacity-0 link-underline-opacity-75-hover" %>[0m
     [31m[0m
     [31mActionView::Template::Error:[0m
     [31m  undefined local variable or method `login_path' for an instance of #<Class:0x00007656bb63f8c0>[0m
     [36m# ./app/views/users/new.html.erb:41:in `_app_views_users_new_html_erb___3572316515646385405_32180'[0m
     [36m# ./spec/system/01_before_login_spec.rb:112:in `block (3 levels) in <main>'[0m
     [36m# ------------------[0m
     [36m# --- Caused by: ---[0m
     [36m# NameError:[0m
     [36m#   undefined local variable or method `login_path' for an instance of #<Class:0x00007656bb63f8c0>[0m
     [36m#   ./app/views/users/new.html.erb:41:in `_app_views_users_new_html_erb___3572316515646385405_32180'[0m

  6) [STEP1] ユーザログイン前のテスト ユーザ新規登録のテスト 表示内容の確認 email_addressフォームが表示される
     [31mFailure/Error: <%= link_to 'Log in', login_path, class: "link-offset-0 link-offset-0-hover link-underline link-underline-opacity-0 link-underline-opacity-75-hover" %>[0m
     [31m[0m
     [31mActionView::Template::Error:[0m
     [31m  undefined local variable or method `login_path' for an instance of #<Class:0x00007656bb63f8c0>[0m
     [36m# ./app/views/users/new.html.erb:41:in `_app_views_users_new_html_erb___3572316515646385405_32180'[0m
     [36m# ./spec/system/01_before_login_spec.rb:112:in `block (3 levels) in <main>'[0m
     [36m# ------------------[0m
     [36m# --- Caused by: ---[0m
     [36m# NameError:[0m
     [36m#   undefined local variable or method `login_path' for an instance of #<Class:0x00007656bb63f8c0>[0m
     [36m#   ./app/views/users/new.html.erb:41:in `_app_views_users_new_html_erb___3572316515646385405_32180'[0m

  7) [STEP1] ユーザログイン前のテスト ユーザ新規登録のテスト 表示内容の確認 passwordフォームが表示される
     [31mFailure/Error: <%= link_to 'Log in', login_path, class: "link-offset-0 link-offset-0-hover link-underline link-underline-opacity-0 link-underline-opacity-75-hover" %>[0m
     [31m[0m
     [31mActionView::Template::Error:[0m
     [31m  undefined local variable or method `login_path' for an instance of #<Class:0x00007656bb63f8c0>[0m
     [36m# ./app/views/users/new.html.erb:41:in `_app_views_users_new_html_erb___3572316515646385405_32180'[0m
     [36m# ./spec/system/01_before_login_spec.rb:112:in `block (3 levels) in <main>'[0m
     [36m# ------------------[0m
     [36m# --- Caused by: ---[0m
     [36m# NameError:[0m
     [36m#   undefined local variable or method `login_path' for an instance of #<Class:0x00007656bb63f8c0>[0m
     [36m#   ./app/views/users/new.html.erb:41:in `_app_views_users_new_html_erb___3572316515646385405_32180'[0m

  8) [STEP1] ユーザログイン前のテスト ユーザ新規登録のテスト 表示内容の確認 password_confirmationフォームが表示される
     [31mFailure/Error: <%= link_to 'Log in', login_path, class: "link-offset-0 link-offset-0-hover link-underline link-underline-opacity-0 link-underline-opacity-75-hover" %>[0m
     [31m[0m
     [31mActionView::Template::Error:[0m
     [31m  undefined local variable or method `login_path' for an instance of #<Class:0x00007656bb63f8c0>[0m
     [36m# ./app/views/users/new.html.erb:41:in `_app_views_users_new_html_erb___3572316515646385405_32180'[0m
     [36m# ./spec/system/01_before_login_spec.rb:112:in `block (3 levels) in <main>'[0m
     [36m# ------------------[0m
     [36m# --- Caused by: ---[0m
     [36m# NameError:[0m
     [36m#   undefined local variable or method `login_path' for an instance of #<Class:0x00007656bb63f8c0>[0m
     [36m#   ./app/views/users/new.html.erb:41:in `_app_views_users_new_html_erb___3572316515646385405_32180'[0m

  9) [STEP1] ユーザログイン前のテスト ユーザ新規登録のテスト 表示内容の確認 Sign upボタンが表示される
     [31mFailure/Error: <%= link_to 'Log in', login_path, class: "link-offset-0 link-offset-0-hover link-underline link-underline-opacity-0 link-underline-opacity-75-hover" %>[0m
     [31m[0m
     [31mActionView::Template::Error:[0m
     [31m  undefined local variable or method `login_path' for an instance of #<Class:0x00007656bb63f8c0>[0m
     [36m# ./app/views/users/new.html.erb:41:in `_app_views_users_new_html_erb___3572316515646385405_32180'[0m
     [36m# ./spec/system/01_before_login_spec.rb:112:in `block (3 levels) in <main>'[0m
     [36m# ------------------[0m
     [36m# --- Caused by: ---[0m
     [36m# NameError:[0m
     [36m#   undefined local variable or method `login_path' for an instance of #<Class:0x00007656bb63f8c0>[0m
     [36m#   ./app/views/users/new.html.erb:41:in `_app_views_users_new_html_erb___3572316515646385405_32180'[0m

  10) [STEP1] ユーザログイン前のテスト ユーザ新規登録のテスト 新規登録成功のテスト 正しく新規登録される
      [31mFailure/Error: <%= link_to 'Log in', login_path, class: "link-offset-0 link-offset-0-hover link-underline link-underline-opacity-0 link-underline-opacity-75-hover" %>[0m
      [31m[0m
      [31mActionView::Template::Error:[0m
      [31m  undefined local variable or method `login_path' for an instance of #<Class:0x00007656bb63f8c0>[0m
      [36m# ./app/views/users/new.html.erb:41:in `_app_views_users_new_html_erb___3572316515646385405_32180'[0m
      [36m# ./spec/system/01_before_login_spec.rb:112:in `block (3 levels) in <main>'[0m
      [36m# ------------------[0m
      [36m# --- Caused by: ---[0m
      [36m# NameError:[0m
      [36m#   undefined local variable or method `login_path' for an instance of #<Class:0x00007656bb63f8c0>[0m
      [36m#   ./app/views/users/new.html.erb:41:in `_app_views_users_new_html_erb___3572316515646385405_32180'[0m

  11) [STEP1] ユーザログイン前のテスト ユーザ新規登録のテスト 新規登録成功のテスト 新規登録後のリダイレクト先が、新規登録できたユーザの詳細画面になっている
      [31mFailure/Error: <%= link_to 'Log in', login_path, class: "link-offset-0 link-offset-0-hover link-underline link-underline-opacity-0 link-underline-opacity-75-hover" %>[0m
      [31m[0m
      [31mActionView::Template::Error:[0m
      [31m  undefined local variable or method `login_path' for an instance of #<Class:0x00007656bb63f8c0>[0m
      [36m# ./app/views/users/new.html.erb:41:in `_app_views_users_new_html_erb___3572316515646385405_32180'[0m
      [36m# ./spec/system/01_before_login_spec.rb:112:in `block (3 levels) in <main>'[0m
      [36m# ------------------[0m
      [36m# --- Caused by: ---[0m
      [36m# NameError:[0m
      [36m#   undefined local variable or method `login_path' for an instance of #<Class:0x00007656bb63f8c0>[0m
      [36m#   ./app/views/users/new.html.erb:41:in `_app_views_users_new_html_erb___3572316515646385405_32180'[0m

  12) [STEP1] ユーザログイン前のテスト ユーザログイン 表示内容の確認 URLが正しい
      [31mFailure/Error: <%= link_to 'Log in', login_path, class: "link-offset-0 link-offset-0-hover link-underline link-underline-opacity-0 link-underline-opacity-75-hover" %>[0m
      [31m[0m
      [31mActionView::Template::Error:[0m
      [31m  undefined local variable or method `login_path' for an instance of #<Class:0x00007656bb63f8c0>[0m
      [36m# ./app/views/users/new.html.erb:41:in `_app_views_users_new_html_erb___3572316515646385405_32180'[0m
      [36m# ./spec/system/01_before_login_spec.rb:161:in `block (3 levels) in <main>'[0m
      [36m# ------------------[0m
      [36m# --- Caused by: ---[0m
      [36m# NameError:[0m
      [36m#   undefined local variable or method `login_path' for an instance of #<Class:0x00007656bb63f8c0>[0m
      [36m#   ./app/views/users/new.html.erb:41:in `_app_views_users_new_html_erb___3572316515646385405_32180'[0m

  13) [STEP1] ユーザログイン前のテスト ユーザログイン 表示内容の確認 「Log in」と表示される
      [31mFailure/Error: <%= link_to 'Log in', login_path, class: "link-offset-0 link-offset-0-hover link-underline link-underline-opacity-0 link-underline-opacity-75-hover" %>[0m
      [31m[0m
      [31mActionView::Template::Error:[0m
      [31m  undefined local variable or method `login_path' for an instance of #<Class:0x00007656bb63f8c0>[0m
      [36m# ./app/views/users/new.html.erb:41:in `_app_views_users_new_html_erb___3572316515646385405_32180'[0m
      [36m# ./spec/system/01_before_login_spec.rb:161:in `block (3 levels) in <main>'[0m
      [36m# ------------------[0m
      [36m# --- Caused by: ---[0m
      [36m# NameError:[0m
      [36m#   undefined local variable or method `login_path' for an instance of #<Class:0x00007656bb63f8c0>[0m
      [36m#   ./app/views/users/new.html.erb:41:in `_app_views_users_new_html_erb___3572316515646385405_32180'[0m

  14) [STEP1] ユーザログイン前のテスト ユーザログイン 表示内容の確認 nameフォームが表示される
      [31mFailure/Error: <%= link_to 'Log in', login_path, class: "link-offset-0 link-offset-0-hover link-underline link-underline-opacity-0 link-underline-opacity-75-hover" %>[0m
      [31m[0m
      [31mActionView::Template::Error:[0m
      [31m  undefined local variable or method `login_path' for an instance of #<Class:0x00007656bb63f8c0>[0m
      [36m# ./app/views/users/new.html.erb:41:in `_app_views_users_new_html_erb___3572316515646385405_32180'[0m
      [36m# ./spec/system/01_before_login_spec.rb:161:in `block (3 levels) in <main>'[0m
      [36m# ------------------[0m
      [36m# --- Caused by: ---[0m
      [36m# NameError:[0m
      [36m#   undefined local variable or method `login_path' for an instance of #<Class:0x00007656bb63f8c0>[0m
      [36m#   ./app/views/users/new.html.erb:41:in `_app_views_users_new_html_erb___3572316515646385405_32180'[0m

  15) [STEP1] ユーザログイン前のテスト ユーザログイン 表示内容の確認 passwordフォームが表示される
      [31mFailure/Error: <%= link_to 'Log in', login_path, class: "link-offset-0 link-offset-0-hover link-underline link-underline-opacity-0 link-underline-opacity-75-hover" %>[0m
      [31m[0m
      [31mActionView::Template::Error:[0m
      [31m  undefined local variable or method `login_path' for an instance of #<Class:0x00007656bb63f8c0>[0m
      [36m# ./app/views/users/new.html.erb:41:in `_app_views_users_new_html_erb___3572316515646385405_32180'[0m
      [36m# ./spec/system/01_before_login_spec.rb:161:in `block (3 levels) in <main>'[0m
      [36m# ------------------[0m
      [36m# --- Caused by: ---[0m
      [36m# NameError:[0m
      [36m#   undefined local variable or method `login_path' for an instance of #<Class:0x00007656bb63f8c0>[0m
      [36m#   ./app/views/users/new.html.erb:41:in `_app_views_users_new_html_erb___3572316515646385405_32180'[0m

  16) [STEP1] ユーザログイン前のテスト ユーザログイン 表示内容の確認 Log inボタンが表示される
      [31mFailure/Error: <%= link_to 'Log in', login_path, class: "link-offset-0 link-offset-0-hover link-underline link-underline-opacity-0 link-underline-opacity-75-hover" %>[0m
      [31m[0m
      [31mActionView::Template::Error:[0m
      [31m  undefined local variable or method `login_path' for an instance of #<Class:0x00007656bb63f8c0>[0m
      [36m# ./app/views/users/new.html.erb:41:in `_app_views_users_new_html_erb___3572316515646385405_32180'[0m
      [36m# ./spec/system/01_before_login_spec.rb:161:in `block (3 levels) in <main>'[0m
      [36m# ------------------[0m
      [36m# --- Caused by: ---[0m
      [36m# NameError:[0m
      [36m#   undefined local variable or method `login_path' for an instance of #<Class:0x00007656bb63f8c0>[0m
      [36m#   ./app/views/users/new.html.erb:41:in `_app_views_users_new_html_erb___3572316515646385405_32180'[0m

  17) [STEP1] ユーザログイン前のテスト ユーザログイン 表示内容の確認 email_addressフォームは表示されない
      [31mFailure/Error: <%= link_to 'Log in', login_path, class: "link-offset-0 link-offset-0-hover link-underline link-underline-opacity-0 link-underline-opacity-75-hover" %>[0m
      [31m[0m
      [31mActionView::Template::Error:[0m
      [31m  undefined local variable or method `login_path' for an instance of #<Class:0x00007656bb63f8c0>[0m
      [36m# ./app/views/users/new.html.erb:41:in `_app_views_users_new_html_erb___3572316515646385405_32180'[0m
      [36m# ./spec/system/01_before_login_spec.rb:161:in `block (3 levels) in <main>'[0m
      [36m# ------------------[0m
      [36m# --- Caused by: ---[0m
      [36m# NameError:[0m
      [36m#   undefined local variable or method `login_path' for an instance of #<Class:0x00007656bb63f8c0>[0m
      [36m#   ./app/views/users/new.html.erb:41:in `_app_views_users_new_html_erb___3572316515646385405_32180'[0m

  18) [STEP1] ユーザログイン前のテスト ユーザログイン ログイン成功のテスト ログイン後のリダイレクト先が、ログインしたユーザの詳細画面になっている
      [31mFailure/Error: <%= link_to 'Log in', login_path, class: "link-offset-0 link-offset-0-hover link-underline link-underline-opacity-0 link-underline-opacity-75-hover" %>[0m
      [31m[0m
      [31mActionView::Template::Error:[0m
      [31m  undefined local variable or method `login_path' for an instance of #<Class:0x00007656bb63f8c0>[0m
      [36m# ./app/views/users/new.html.erb:41:in `_app_views_users_new_html_erb___3572316515646385405_32180'[0m
      [36m# ./spec/system/01_before_login_spec.rb:161:in `block (3 levels) in <main>'[0m
      [36m# ------------------[0m
      [36m# --- Caused by: ---[0m
      [36m# NameError:[0m
      [36m#   undefined local variable or method `login_path' for an instance of #<Class:0x00007656bb63f8c0>[0m
      [36m#   ./app/views/users/new.html.erb:41:in `_app_views_users_new_html_erb___3572316515646385405_32180'[0m

  19) [STEP1] ユーザログイン前のテスト ユーザログイン ログイン失敗のテスト ログインに失敗し、ログイン画面にリダイレクトされる
      [31mFailure/Error: <%= link_to 'Log in', login_path, class: "link-offset-0 link-offset-0-hover link-underline link-underline-opacity-0 link-underline-opacity-75-hover" %>[0m
      [31m[0m
      [31mActionView::Template::Error:[0m
      [31m  undefined local variable or method `login_path' for an instance of #<Class:0x00007656bb63f8c0>[0m
      [36m# ./app/views/users/new.html.erb:41:in `_app_views_users_new_html_erb___3572316515646385405_32180'[0m
      [36m# ./spec/system/01_before_login_spec.rb:161:in `block (3 levels) in <main>'[0m
      [36m# ------------------[0m
      [36m# --- Caused by: ---[0m
      [36m# NameError:[0m
      [36m#   undefined local variable or method `login_path' for an instance of #<Class:0x00007656bb63f8c0>[0m
      [36m#   ./app/views/users/new.html.erb:41:in `_app_views_users_new_html_erb___3572316515646385405_32180'[0m

  20) [STEP1] ユーザログイン前のテスト ヘッダーのテスト: ログインしている場合 ヘッダーの表示を確認 Bookersリンクが表示される: 左上から1番目のリンクが「Bookers」である
      [31mFailure/Error: <%= link_to 'Log in', login_path, class: "link-offset-0 link-offset-0-hover link-underline link-underline-opacity-0 link-underline-opacity-75-hover" %>[0m
      [31m[0m
      [31mActionView::Template::Error:[0m
      [31m  undefined local variable or method `login_path' for an instance of #<Class:0x00007656bb63f8c0>[0m
      [36m# ./app/views/users/new.html.erb:41:in `_app_views_users_new_html_erb___3572316515646385405_32180'[0m
      [36m# ./spec/system/01_before_login_spec.rb:214:in `block (3 levels) in <main>'[0m
      [36m# ------------------[0m
      [36m# --- Caused by: ---[0m
      [36m# NameError:[0m
      [36m#   undefined local variable or method `login_path' for an instance of #<Class:0x00007656bb63f8c0>[0m
      [36m#   ./app/views/users/new.html.erb:41:in `_app_views_users_new_html_erb___3572316515646385405_32180'[0m

  21) [STEP1] ユーザログイン前のテスト ヘッダーのテスト: ログインしている場合 ヘッダーの表示を確認 Homeリンクが表示される: 左上から2番目のリンクが「Home」である
      [31mFailure/Error: <%= link_to 'Log in', login_path, class: "link-offset-0 link-offset-0-hover link-underline link-underline-opacity-0 link-underline-opacity-75-hover" %>[0m
      [31m[0m
      [31mActionView::Template::Error:[0m
      [31m  undefined local variable or method `login_path' for an instance of #<Class:0x00007656bb63f8c0>[0m
      [36m# ./app/views/users/new.html.erb:41:in `_app_views_users_new_html_erb___3572316515646385405_32180'[0m
      [36m# ./spec/system/01_before_login_spec.rb:214:in `block (3 levels) in <main>'[0m
      [36m# ------------------[0m
      [36m# --- Caused by: ---[0m
      [36m# NameError:[0m
      [36m#   undefined local variable or method `login_path' for an instance of #<Class:0x00007656bb63f8c0>[0m
      [36m#   ./app/views/users/new.html.erb:41:in `_app_views_users_new_html_erb___3572316515646385405_32180'[0m

  22) [STEP1] ユーザログイン前のテスト ヘッダーのテスト: ログインしている場合 ヘッダーの表示を確認 Usersリンクが表示される: 左上から3番目のリンクが「Users」である
      [31mFailure/Error: <%= link_to 'Log in', login_path, class: "link-offset-0 link-offset-0-hover link-underline link-underline-opacity-0 link-underline-opacity-75-hover" %>[0m
      [31m[0m
      [31mActionView::Template::Error:[0m
      [31m  undefined local variable or method `login_path' for an instance of #<Class:0x00007656bb63f8c0>[0m
      [36m# ./app/views/users/new.html.erb:41:in `_app_views_users_new_html_erb___3572316515646385405_32180'[0m
      [36m# ./spec/system/01_before_login_spec.rb:214:in `block (3 levels) in <main>'[0m
      [36m# ------------------[0m
      [36m# --- Caused by: ---[0m
      [36m# NameError:[0m
      [36m#   undefined local variable or method `login_path' for an instance of #<Class:0x00007656bb63f8c0>[0m
      [36m#   ./app/views/users/new.html.erb:41:in `_app_views_users_new_html_erb___3572316515646385405_32180'[0m

  23) [STEP1] ユーザログイン前のテスト ヘッダーのテスト: ログインしている場合 ヘッダーの表示を確認 Booksリンクが表示される: 左上から4番目のリンクが「Books」である
      [31mFailure/Error: <%= link_to 'Log in', login_path, class: "link-offset-0 link-offset-0-hover link-underline link-underline-opacity-0 link-underline-opacity-75-hover" %>[0m
      [31m[0m
      [31mActionView::Template::Error:[0m
      [31m  undefined local variable or method `login_path' for an instance of #<Class:0x00007656bb63f8c0>[0m
      [36m# ./app/views/users/new.html.erb:41:in `_app_views_users_new_html_erb___3572316515646385405_32180'[0m
      [36m# ./spec/system/01_before_login_spec.rb:214:in `block (3 levels) in <main>'[0m
      [36m# ------------------[0m
      [36m# --- Caused by: ---[0m
      [36m# NameError:[0m
      [36m#   undefined local variable or method `login_path' for an instance of #<Class:0x00007656bb63f8c0>[0m
      [36m#   ./app/views/users/new.html.erb:41:in `_app_views_users_new_html_erb___3572316515646385405_32180'[0m

  24) [STEP1] ユーザログイン前のテスト ヘッダーのテスト: ログインしている場合 ヘッダーの表示を確認 Log outリンクが表示される: 左上から5番目のリンクが「Log out」である
      [31mFailure/Error: <%= link_to 'Log in', login_path, class: "link-offset-0 link-offset-0-hover link-underline link-underline-opacity-0 link-underline-opacity-75-hover" %>[0m
      [31m[0m
      [31mActionView::Template::Error:[0m
      [31m  undefined local variable or method `login_path' for an instance of #<Class:0x00007656bb63f8c0>[0m
      [36m# ./app/views/users/new.html.erb:41:in `_app_views_users_new_html_erb___3572316515646385405_32180'[0m
      [36m# ./spec/system/01_before_login_spec.rb:214:in `block (3 levels) in <main>'[0m
      [36m# ------------------[0m
      [36m# --- Caused by: ---[0m
      [36m# NameError:[0m
      [36m#   undefined local variable or method `login_path' for an instance of #<Class:0x00007656bb63f8c0>[0m
      [36m#   ./app/views/users/new.html.erb:41:in `_app_views_users_new_html_erb___3572316515646385405_32180'[0m

  25) [STEP1] ユーザログイン前のテスト ユーザログアウトのテスト ログアウト機能のテスト 正しくログアウトできている: ログアウト後のリダイレクト先においてAbout画面へのリンクが存在する
      [31mFailure/Error: <%= link_to 'Log in', login_path, class: "link-offset-0 link-offset-0-hover link-underline link-underline-opacity-0 link-underline-opacity-75-hover" %>[0m
      [31m[0m
      [31mActionView::Template::Error:[0m
      [31m  undefined local variable or method `login_path' for an instance of #<Class:0x00007656bb63f8c0>[0m
      [36m# ./app/views/users/new.html.erb:41:in `_app_views_users_new_html_erb___3572316515646385405_32180'[0m
      [36m# ./spec/system/01_before_login_spec.rb:248:in `block (3 levels) in <main>'[0m
      [36m# ------------------[0m
      [36m# --- Caused by: ---[0m
      [36m# NameError:[0m
      [36m#   undefined local variable or method `login_path' for an instance of #<Class:0x00007656bb63f8c0>[0m
      [36m#   ./app/views/users/new.html.erb:41:in `_app_views_users_new_html_erb___3572316515646385405_32180'[0m

  26) [STEP1] ユーザログイン前のテスト ユーザログアウトのテスト ログアウト機能のテスト ログアウト後のリダイレクト先が、トップになっている
      [31mFailure/Error: <%= link_to 'Log in', login_path, class: "link-offset-0 link-offset-0-hover link-underline link-underline-opacity-0 link-underline-opacity-75-hover" %>[0m
      [31m[0m
      [31mActionView::Template::Error:[0m
      [31m  undefined local variable or method `login_path' for an instance of #<Class:0x00007656bb63f8c0>[0m
      [36m# ./app/views/users/new.html.erb:41:in `_app_views_users_new_html_erb___3572316515646385405_32180'[0m
      [36m# ./spec/system/01_before_login_spec.rb:248:in `block (3 levels) in <main>'[0m
      [36m# ------------------[0m
      [36m# --- Caused by: ---[0m
      [36m# NameError:[0m
      [36m#   undefined local variable or method `login_path' for an instance of #<Class:0x00007656bb63f8c0>[0m
      [36m#   ./app/views/users/new.html.erb:41:in `_app_views_users_new_html_erb___3572316515646385405_32180'[0m

  27) [STEP2] ユーザログイン後のテスト ヘッダーのテスト: ログインしている場合 リンクの内容を確認: ※logoutは『ユーザログアウトのテスト』でテスト済みになります。 Homeを押すと、自分のユーザ詳細画面に遷移する
      [31mFailure/Error: <%= link_to 'Log in', login_path, class: "link-offset-0 link-offset-0-hover link-underline link-underline-opacity-0 link-underline-opacity-75-hover" %>[0m
      [31m[0m
      [31mActionView::Template::Error:[0m
      [31m  undefined local variable or method `login_path' for an instance of #<Class:0x00007656bb63f8c0>[0m
      [36m# ./app/views/users/new.html.erb:41:in `_app_views_users_new_html_erb___3572316515646385405_32180'[0m
      [36m# ./spec/system/02_after_login_spec.rb:10:in `block (2 levels) in <main>'[0m
      [36m# ------------------[0m
      [36m# --- Caused by: ---[0m
      [36m# NameError:[0m
      [36m#   undefined local variable or method `login_path' for an instance of #<Class:0x00007656bb63f8c0>[0m
      [36m#   ./app/views/users/new.html.erb:41:in `_app_views_users_new_html_erb___3572316515646385405_32180'[0m

  28) [STEP2] ユーザログイン後のテスト ヘッダーのテスト: ログインしている場合 リンクの内容を確認: ※logoutは『ユーザログアウトのテスト』でテスト済みになります。 Usersを押すと、ユーザ一覧画面に遷移する
      [31mFailure/Error: <%= link_to 'Log in', login_path, class: "link-offset-0 link-offset-0-hover link-underline link-underline-opacity-0 link-underline-opacity-75-hover" %>[0m
      [31m[0m
      [31mActionView::Template::Error:[0m
      [31m  undefined local variable or method `login_path' for an instance of #<Class:0x00007656bb63f8c0>[0m
      [36m# ./app/views/users/new.html.erb:41:in `_app_views_users_new_html_erb___3572316515646385405_32180'[0m
      [36m# ./spec/system/02_after_login_spec.rb:10:in `block (2 levels) in <main>'[0m
      [36m# ------------------[0m
      [36m# --- Caused by: ---[0m
      [36m# NameError:[0m
      [36m#   undefined local variable or method `login_path' for an instance of #<Class:0x00007656bb63f8c0>[0m
      [36m#   ./app/views/users/new.html.erb:41:in `_app_views_users_new_html_erb___3572316515646385405_32180'[0m

  29) [STEP2] ユーザログイン後のテスト ヘッダーのテスト: ログインしている場合 リンクの内容を確認: ※logoutは『ユーザログアウトのテスト』でテスト済みになります。 Booksを押すと、投稿一覧画面に遷移する
      [31mFailure/Error: <%= link_to 'Log in', login_path, class: "link-offset-0 link-offset-0-hover link-underline link-underline-opacity-0 link-underline-opacity-75-hover" %>[0m
      [31m[0m
      [31mActionView::Template::Error:[0m
      [31m  undefined local variable or method `login_path' for an instance of #<Class:0x00007656bb63f8c0>[0m
      [36m# ./app/views/users/new.html.erb:41:in `_app_views_users_new_html_erb___3572316515646385405_32180'[0m
      [36m# ./spec/system/02_after_login_spec.rb:10:in `block (2 levels) in <main>'[0m
      [36m# ------------------[0m
      [36m# --- Caused by: ---[0m
      [36m# NameError:[0m
      [36m#   undefined local variable or method `login_path' for an instance of #<Class:0x00007656bb63f8c0>[0m
      [36m#   ./app/views/users/new.html.erb:41:in `_app_views_users_new_html_erb___3572316515646385405_32180'[0m

  30) [STEP2] ユーザログイン後のテスト 投稿一覧画面のテスト 表示内容の確認 URLが正しい
      [31mFailure/Error: <%= link_to 'Log in', login_path, class: "link-offset-0 link-offset-0-hover link-underline link-underline-opacity-0 link-underline-opacity-75-hover" %>[0m
      [31m[0m
      [31mActionView::Template::Error:[0m
      [31m  undefined local variable or method `login_path' for an instance of #<Class:0x00007656bb63f8c0>[0m
      [36m# ./app/views/users/new.html.erb:41:in `_app_views_users_new_html_erb___3572316515646385405_32180'[0m
      [36m# ./spec/system/02_after_login_spec.rb:10:in `block (2 levels) in <main>'[0m
      [36m# ------------------[0m
      [36m# --- Caused by: ---[0m
      [36m# NameError:[0m
      [36m#   undefined local variable or method `login_path' for an instance of #<Class:0x00007656bb63f8c0>[0m
      [36m#   ./app/views/users/new.html.erb:41:in `_app_views_users_new_html_erb___3572316515646385405_32180'[0m

  31) [STEP2] ユーザログイン後のテスト 投稿一覧画面のテスト 表示内容の確認 自分と他人の画像のリンク先が正しい
      [31mFailure/Error: <%= link_to 'Log in', login_path, class: "link-offset-0 link-offset-0-hover link-underline link-underline-opacity-0 link-underline-opacity-75-hover" %>[0m
      [31m[0m
      [31mActionView::Template::Error:[0m
      [31m  undefined local variable or method `login_path' for an instance of #<Class:0x00007656bb63f8c0>[0m
      [36m# ./app/views/users/new.html.erb:41:in `_app_views_users_new_html_erb___3572316515646385405_32180'[0m
      [36m# ./spec/system/02_after_login_spec.rb:10:in `block (2 levels) in <main>'[0m
      [36m# ------------------[0m
      [36m# --- Caused by: ---[0m
      [36m# NameError:[0m
      [36m#   undefined local variable or method `login_path' for an instance of #<Class:0x00007656bb63f8c0>[0m
      [36m#   ./app/views/users/new.html.erb:41:in `_app_views_users_new_html_erb___3572316515646385405_32180'[0m

  32) [STEP2] ユーザログイン後のテスト 投稿一覧画面のテスト 表示内容の確認 自分の投稿と他人の投稿のタイトルのリンク先がそれぞれ正しい
      [31mFailure/Error: <%= link_to 'Log in', login_path, class: "link-offset-0 link-offset-0-hover link-underline link-underline-opacity-0 link-underline-opacity-75-hover" %>[0m
      [31m[0m
      [31mActionView::Template::Error:[0m
      [31m  undefined local variable or method `login_path' for an instance of #<Class:0x00007656bb63f8c0>[0m
      [36m# ./app/views/users/new.html.erb:41:in `_app_views_users_new_html_erb___3572316515646385405_32180'[0m
      [36m# ./spec/system/02_after_login_spec.rb:10:in `block (2 levels) in <main>'[0m
      [36m# ------------------[0m
      [36m# --- Caused by: ---[0m
      [36m# NameError:[0m
      [36m#   undefined local variable or method `login_path' for an instance of #<Class:0x00007656bb63f8c0>[0m
      [36m#   ./app/views/users/new.html.erb:41:in `_app_views_users_new_html_erb___3572316515646385405_32180'[0m

  33) [STEP2] ユーザログイン後のテスト 投稿一覧画面のテスト 表示内容の確認 自分の投稿と他人の投稿のオピニオンが表示される
      [31mFailure/Error: <%= link_to 'Log in', login_path, class: "link-offset-0 link-offset-0-hover link-underline link-underline-opacity-0 link-underline-opacity-75-hover" %>[0m
      [31m[0m
      [31mActionView::Template::Error:[0m
      [31m  undefined local variable or method `login_path' for an instance of #<Class:0x00007656bb63f8c0>[0m
      [36m# ./app/views/users/new.html.erb:41:in `_app_views_users_new_html_erb___3572316515646385405_32180'[0m
      [36m# ./spec/system/02_after_login_spec.rb:10:in `block (2 levels) in <main>'[0m
      [36m# ------------------[0m
      [36m# --- Caused by: ---[0m
      [36m# NameError:[0m
      [36m#   undefined local variable or method `login_path' for an instance of #<Class:0x00007656bb63f8c0>[0m
      [36m#   ./app/views/users/new.html.erb:41:in `_app_views_users_new_html_erb___3572316515646385405_32180'[0m

  34) [STEP2] ユーザログイン後のテスト 投稿一覧画面のテスト サイドバーの確認 自分の名前と紹介文が表示される
      [31mFailure/Error: <%= link_to 'Log in', login_path, class: "link-offset-0 link-offset-0-hover link-underline link-underline-opacity-0 link-underline-opacity-75-hover" %>[0m
      [31m[0m
      [31mActionView::Template::Error:[0m
      [31m  undefined local variable or method `login_path' for an instance of #<Class:0x00007656bb63f8c0>[0m
      [36m# ./app/views/users/new.html.erb:41:in `_app_views_users_new_html_erb___3572316515646385405_32180'[0m
      [36m# ./spec/system/02_after_login_spec.rb:10:in `block (2 levels) in <main>'[0m
      [36m# ------------------[0m
      [36m# --- Caused by: ---[0m
      [36m# NameError:[0m
      [36m#   undefined local variable or method `login_path' for an instance of #<Class:0x00007656bb63f8c0>[0m
      [36m#   ./app/views/users/new.html.erb:41:in `_app_views_users_new_html_erb___3572316515646385405_32180'[0m

  35) [STEP2] ユーザログイン後のテスト 投稿一覧画面のテスト サイドバーの確認 自分のユーザ編集画面へのリンクが存在する
      [31mFailure/Error: <%= link_to 'Log in', login_path, class: "link-offset-0 link-offset-0-hover link-underline link-underline-opacity-0 link-underline-opacity-75-hover" %>[0m
      [31m[0m
      [31mActionView::Template::Error:[0m
      [31m  undefined local variable or method `login_path' for an instance of #<Class:0x00007656bb63f8c0>[0m
      [36m# ./app/views/users/new.html.erb:41:in `_app_views_users_new_html_erb___3572316515646385405_32180'[0m
      [36m# ./spec/system/02_after_login_spec.rb:10:in `block (2 levels) in <main>'[0m
      [36m# ------------------[0m
      [36m# --- Caused by: ---[0m
      [36m# NameError:[0m
      [36m#   undefined local variable or method `login_path' for an instance of #<Class:0x00007656bb63f8c0>[0m
      [36m#   ./app/views/users/new.html.erb:41:in `_app_views_users_new_html_erb___3572316515646385405_32180'[0m

  36) [STEP2] ユーザログイン後のテスト 投稿一覧画面のテスト サイドバーの確認 「New book」と表示される
      [31mFailure/Error: <%= link_to 'Log in', login_path, class: "link-offset-0 link-offset-0-hover link-underline link-underline-opacity-0 link-underline-opacity-75-hover" %>[0m
      [31m[0m
      [31mActionView::Template::Error:[0m
      [31m  undefined local variable or method `login_path' for an instance of #<Class:0x00007656bb63f8c0>[0m
      [36m# ./app/views/users/new.html.erb:41:in `_app_views_users_new_html_erb___3572316515646385405_32180'[0m
      [36m# ./spec/system/02_after_login_spec.rb:10:in `block (2 levels) in <main>'[0m
      [36m# ------------------[0m
      [36m# --- Caused by: ---[0m
      [36m# NameError:[0m
      [36m#   undefined local variable or method `login_path' for an instance of #<Class:0x00007656bb63f8c0>[0m
      [36m#   ./app/views/users/new.html.erb:41:in `_app_views_users_new_html_erb___3572316515646385405_32180'[0m

  37) [STEP2] ユーザログイン後のテスト 投稿一覧画面のテスト サイドバーの確認 titleフォームが表示される
      [31mFailure/Error: <%= link_to 'Log in', login_path, class: "link-offset-0 link-offset-0-hover link-underline link-underline-opacity-0 link-underline-opacity-75-hover" %>[0m
      [31m[0m
      [31mActionView::Template::Error:[0m
      [31m  undefined local variable or method `login_path' for an instance of #<Class:0x00007656bb63f8c0>[0m
      [36m# ./app/views/users/new.html.erb:41:in `_app_views_users_new_html_erb___3572316515646385405_32180'[0m
      [36m# ./spec/system/02_after_login_spec.rb:10:in `block (2 levels) in <main>'[0m
      [36m# ------------------[0m
      [36m# --- Caused by: ---[0m
      [36m# NameError:[0m
      [36m#   undefined local variable or method `login_path' for an instance of #<Class:0x00007656bb63f8c0>[0m
      [36m#   ./app/views/users/new.html.erb:41:in `_app_views_users_new_html_erb___3572316515646385405_32180'[0m

  38) [STEP2] ユーザログイン後のテスト 投稿一覧画面のテスト サイドバーの確認 titleフォームに値が入っていない
      [31mFailure/Error: <%= link_to 'Log in', login_path, class: "link-offset-0 link-offset-0-hover link-underline link-underline-opacity-0 link-underline-opacity-75-hover" %>[0m
      [31m[0m
      [31mActionView::Template::Error:[0m
      [31m  undefined local variable or method `login_path' for an instance of #<Class:0x00007656bb63f8c0>[0m
      [36m# ./app/views/users/new.html.erb:41:in `_app_views_users_new_html_erb___3572316515646385405_32180'[0m
      [36m# ./spec/system/02_after_login_spec.rb:10:in `block (2 levels) in <main>'[0m
      [36m# ------------------[0m
      [36m# --- Caused by: ---[0m
      [36m# NameError:[0m
      [36m#   undefined local variable or method `login_path' for an instance of #<Class:0x00007656bb63f8c0>[0m
      [36m#   ./app/views/users/new.html.erb:41:in `_app_views_users_new_html_erb___3572316515646385405_32180'[0m

  39) [STEP2] ユーザログイン後のテスト 投稿一覧画面のテスト サイドバーの確認 bodyフォームが表示される
      [31mFailure/Error: <%= link_to 'Log in', login_path, class: "link-offset-0 link-offset-0-hover link-underline link-underline-opacity-0 link-underline-opacity-75-hover" %>[0m
      [31m[0m
      [31mActionView::Template::Error:[0m
      [31m  undefined local variable or method `login_path' for an instance of #<Class:0x00007656bb63f8c0>[0m
      [36m# ./app/views/users/new.html.erb:41:in `_app_views_users_new_html_erb___3572316515646385405_32180'[0m
      [36m# ./spec/system/02_after_login_spec.rb:10:in `block (2 levels) in <main>'[0m
      [36m# ------------------[0m
      [36m# --- Caused by: ---[0m
      [36m# NameError:[0m
      [36m#   undefined local variable or method `login_path' for an instance of #<Class:0x00007656bb63f8c0>[0m
      [36m#   ./app/views/users/new.html.erb:41:in `_app_views_users_new_html_erb___3572316515646385405_32180'[0m

  40) [STEP2] ユーザログイン後のテスト 投稿一覧画面のテスト サイドバーの確認 bodyフォームに値が入っていない
      [31mFailure/Error: <%= link_to 'Log in', login_path, class: "link-offset-0 link-offset-0-hover link-underline link-underline-opacity-0 link-underline-opacity-75-hover" %>[0m
      [31m[0m
      [31mActionView::Template::Error:[0m
      [31m  undefined local variable or method `login_path' for an instance of #<Class:0x00007656bb63f8c0>[0m
      [36m# ./app/views/users/new.html.erb:41:in `_app_views_users_new_html_erb___3572316515646385405_32180'[0m
      [36m# ./spec/system/02_after_login_spec.rb:10:in `block (2 levels) in <main>'[0m
      [36m# ------------------[0m
      [36m# --- Caused by: ---[0m
      [36m# NameError:[0m
      [36m#   undefined local variable or method `login_path' for an instance of #<Class:0x00007656bb63f8c0>[0m
      [36m#   ./app/views/users/new.html.erb:41:in `_app_views_users_new_html_erb___3572316515646385405_32180'[0m

  41) [STEP2] ユーザログイン後のテスト 投稿一覧画面のテスト サイドバーの確認 Create Bookボタンが表示される
      [31mFailure/Error: <%= link_to 'Log in', login_path, class: "link-offset-0 link-offset-0-hover link-underline link-underline-opacity-0 link-underline-opacity-75-hover" %>[0m
      [31m[0m
      [31mActionView::Template::Error:[0m
      [31m  undefined local variable or method `login_path' for an instance of #<Class:0x00007656bb63f8c0>[0m
      [36m# ./app/views/users/new.html.erb:41:in `_app_views_users_new_html_erb___3572316515646385405_32180'[0m
      [36m# ./spec/system/02_after_login_spec.rb:10:in `block (2 levels) in <main>'[0m
      [36m# ------------------[0m
      [36m# --- Caused by: ---[0m
      [36m# NameError:[0m
      [36m#   undefined local variable or method `login_path' for an instance of #<Class:0x00007656bb63f8c0>[0m
      [36m#   ./app/views/users/new.html.erb:41:in `_app_views_users_new_html_erb___3572316515646385405_32180'[0m

  42) [STEP2] ユーザログイン後のテスト 投稿一覧画面のテスト 投稿成功のテスト 自分の新しい投稿が正しく保存される
      [31mFailure/Error: <%= link_to 'Log in', login_path, class: "link-offset-0 link-offset-0-hover link-underline link-underline-opacity-0 link-underline-opacity-75-hover" %>[0m
      [31m[0m
      [31mActionView::Template::Error:[0m
      [31m  undefined local variable or method `login_path' for an instance of #<Class:0x00007656bb63f8c0>[0m
      [36m# ./app/views/users/new.html.erb:41:in `_app_views_users_new_html_erb___3572316515646385405_32180'[0m
      [36m# ./spec/system/02_after_login_spec.rb:10:in `block (2 levels) in <main>'[0m
      [36m# ------------------[0m
      [36m# --- Caused by: ---[0m
      [36m# NameError:[0m
      [36m#   undefined local variable or method `login_path' for an instance of #<Class:0x00007656bb63f8c0>[0m
      [36m#   ./app/views/users/new.html.erb:41:in `_app_views_users_new_html_erb___3572316515646385405_32180'[0m

  43) [STEP2] ユーザログイン後のテスト 投稿一覧画面のテスト 投稿成功のテスト リダイレクト先が、保存できた投稿の詳細画面になっている
      [31mFailure/Error: <%= link_to 'Log in', login_path, class: "link-offset-0 link-offset-0-hover link-underline link-underline-opacity-0 link-underline-opacity-75-hover" %>[0m
      [31m[0m
      [31mActionView::Template::Error:[0m
      [31m  undefined local variable or method `login_path' for an instance of #<Class:0x00007656bb63f8c0>[0m
      [36m# ./app/views/users/new.html.erb:41:in `_app_views_users_new_html_erb___3572316515646385405_32180'[0m
      [36m# ./spec/system/02_after_login_spec.rb:10:in `block (2 levels) in <main>'[0m
      [36m# ------------------[0m
      [36m# --- Caused by: ---[0m
      [36m# NameError:[0m
      [36m#   undefined local variable or method `login_path' for an instance of #<Class:0x00007656bb63f8c0>[0m
      [36m#   ./app/views/users/new.html.erb:41:in `_app_views_users_new_html_erb___3572316515646385405_32180'[0m

  44) [STEP2] ユーザログイン後のテスト 自分の投稿詳細画面のテスト 表示内容の確認 URLが正しい
      [31mFailure/Error: <%= link_to 'Log in', login_path, class: "link-offset-0 link-offset-0-hover link-underline link-underline-opacity-0 link-underline-opacity-75-hover" %>[0m
      [31m[0m
      [31mActionView::Template::Error:[0m
      [31m  undefined local variable or method `login_path' for an instance of #<Class:0x00007656bb63f8c0>[0m
      [36m# ./app/views/users/new.html.erb:41:in `_app_views_users_new_html_erb___3572316515646385405_32180'[0m
      [36m# ./spec/system/02_after_login_spec.rb:10:in `block (2 levels) in <main>'[0m
      [36m# ------------------[0m
      [36m# --- Caused by: ---[0m
      [36m# NameError:[0m
      [36m#   undefined local variable or method `login_path' for an instance of #<Class:0x00007656bb63f8c0>[0m
      [36m#   ./app/views/users/new.html.erb:41:in `_app_views_users_new_html_erb___3572316515646385405_32180'[0m

  45) [STEP2] ユーザログイン後のテスト 自分の投稿詳細画面のテスト 表示内容の確認 「Book detail」と表示される
      [31mFailure/Error: <%= link_to 'Log in', login_path, class: "link-offset-0 link-offset-0-hover link-underline link-underline-opacity-0 link-underline-opacity-75-hover" %>[0m
      [31m[0m
      [31mActionView::Template::Error:[0m
      [31m  undefined local variable or method `login_path' for an instance of #<Class:0x00007656bb63f8c0>[0m
      [36m# ./app/views/users/new.html.erb:41:in `_app_views_users_new_html_erb___3572316515646385405_32180'[0m
      [36m# ./spec/system/02_after_login_spec.rb:10:in `block (2 levels) in <main>'[0m
      [36m# ------------------[0m
      [36m# --- Caused by: ---[0m
      [36m# NameError:[0m
      [36m#   undefined local variable or method `login_path' for an instance of #<Class:0x00007656bb63f8c0>[0m
      [36m#   ./app/views/users/new.html.erb:41:in `_app_views_users_new_html_erb___3572316515646385405_32180'[0m

  46) [STEP2] ユーザログイン後のテスト 自分の投稿詳細画面のテスト 表示内容の確認 ユーザ画像・名前のリンク先が正しい
      [31mFailure/Error: <%= link_to 'Log in', login_path, class: "link-offset-0 link-offset-0-hover link-underline link-underline-opacity-0 link-underline-opacity-75-hover" %>[0m
      [31m[0m
      [31mActionView::Template::Error:[0m
      [31m  undefined local variable or method `login_path' for an instance of #<Class:0x00007656bb63f8c0>[0m
      [36m# ./app/views/users/new.html.erb:41:in `_app_views_users_new_html_erb___3572316515646385405_32180'[0m
      [36m# ./spec/system/02_after_login_spec.rb:10:in `block (2 levels) in <main>'[0m
      [36m# ------------------[0m
      [36m# --- Caused by: ---[0m
      [36m# NameError:[0m
      [36m#   undefined local variable or method `login_path' for an instance of #<Class:0x00007656bb63f8c0>[0m
      [36m#   ./app/views/users/new.html.erb:41:in `_app_views_users_new_html_erb___3572316515646385405_32180'[0m

  47) [STEP2] ユーザログイン後のテスト 自分の投稿詳細画面のテスト 表示内容の確認 投稿のtitleが表示される
      [31mFailure/Error: <%= link_to 'Log in', login_path, class: "link-offset-0 link-offset-0-hover link-underline link-underline-opacity-0 link-underline-opacity-75-hover" %>[0m
      [31m[0m
      [31mActionView::Template::Error:[0m
      [31m  undefined local variable or method `login_path' for an instance of #<Class:0x00007656bb63f8c0>[0m
      [36m# ./app/views/users/new.html.erb:41:in `_app_views_users_new_html_erb___3572316515646385405_32180'[0m
      [36m# ./spec/system/02_after_login_spec.rb:10:in `block (2 levels) in <main>'[0m
      [36m# ------------------[0m
      [36m# --- Caused by: ---[0m
      [36m# NameError:[0m
      [36m#   undefined local variable or method `login_path' for an instance of #<Class:0x00007656bb63f8c0>[0m
      [36m#   ./app/views/users/new.html.erb:41:in `_app_views_users_new_html_erb___3572316515646385405_32180'[0m

  48) [STEP2] ユーザログイン後のテスト 自分の投稿詳細画面のテスト 表示内容の確認 投稿のbodyが表示される
      [31mFailure/Error: <%= link_to 'Log in', login_path, class: "link-offset-0 link-offset-0-hover link-underline link-underline-opacity-0 link-underline-opacity-75-hover" %>[0m
      [31m[0m
      [31mActionView::Template::Error:[0m
      [31m  undefined local variable or method `login_path' for an instance of #<Class:0x00007656bb63f8c0>[0m
      [36m# ./app/views/users/new.html.erb:41:in `_app_views_users_new_html_erb___3572316515646385405_32180'[0m
      [36m# ./spec/system/02_after_login_spec.rb:10:in `block (2 levels) in <main>'[0m
      [36m# ------------------[0m
      [36m# --- Caused by: ---[0m
      [36m# NameError:[0m
      [36m#   undefined local variable or method `login_path' for an instance of #<Class:0x00007656bb63f8c0>[0m
      [36m#   ./app/views/users/new.html.erb:41:in `_app_views_users_new_html_erb___3572316515646385405_32180'[0m

  49) [STEP2] ユーザログイン後のテスト 自分の投稿詳細画面のテスト 表示内容の確認 投稿の編集リンクが表示される
      [31mFailure/Error: <%= link_to 'Log in', login_path, class: "link-offset-0 link-offset-0-hover link-underline link-underline-opacity-0 link-underline-opacity-75-hover" %>[0m
      [31m[0m
      [31mActionView::Template::Error:[0m
      [31m  undefined local variable or method `login_path' for an instance of #<Class:0x00007656bb63f8c0>[0m
      [36m# ./app/views/users/new.html.erb:41:in `_app_views_users_new_html_erb___3572316515646385405_32180'[0m
      [36m# ./spec/system/02_after_login_spec.rb:10:in `block (2 levels) in <main>'[0m
      [36m# ------------------[0m
      [36m# --- Caused by: ---[0m
      [36m# NameError:[0m
      [36m#   undefined local variable or method `login_path' for an instance of #<Class:0x00007656bb63f8c0>[0m
      [36m#   ./app/views/users/new.html.erb:41:in `_app_views_users_new_html_erb___3572316515646385405_32180'[0m

  50) [STEP2] ユーザログイン後のテスト 自分の投稿詳細画面のテスト 表示内容の確認 投稿の削除リンクが表示される
      [31mFailure/Error: <%= link_to 'Log in', login_path, class: "link-offset-0 link-offset-0-hover link-underline link-underline-opacity-0 link-underline-opacity-75-hover" %>[0m
      [31m[0m
      [31mActionView::Template::Error:[0m
      [31m  undefined local variable or method `login_path' for an instance of #<Class:0x00007656bb63f8c0>[0m
      [36m# ./app/views/users/new.html.erb:41:in `_app_views_users_new_html_erb___3572316515646385405_32180'[0m
      [36m# ./spec/system/02_after_login_spec.rb:10:in `block (2 levels) in <main>'[0m
      [36m# ------------------[0m
      [36m# --- Caused by: ---[0m
      [36m# NameError:[0m
      [36m#   undefined local variable or method `login_path' for an instance of #<Class:0x00007656bb63f8c0>[0m
      [36m#   ./app/views/users/new.html.erb:41:in `_app_views_users_new_html_erb___3572316515646385405_32180'[0m

  51) [STEP2] ユーザログイン後のテスト 自分の投稿詳細画面のテスト サイドバーの確認 自分の名前と紹介文が表示される
      [31mFailure/Error: <%= link_to 'Log in', login_path, class: "link-offset-0 link-offset-0-hover link-underline link-underline-opacity-0 link-underline-opacity-75-hover" %>[0m
      [31m[0m
      [31mActionView::Template::Error:[0m
      [31m  undefined local variable or method `login_path' for an instance of #<Class:0x00007656bb63f8c0>[0m
      [36m# ./app/views/users/new.html.erb:41:in `_app_views_users_new_html_erb___3572316515646385405_32180'[0m
      [36m# ./spec/system/02_after_login_spec.rb:10:in `block (2 levels) in <main>'[0m
      [36m# ------------------[0m
      [36m# --- Caused by: ---[0m
      [36m# NameError:[0m
      [36m#   undefined local variable or method `login_path' for an instance of #<Class:0x00007656bb63f8c0>[0m
      [36m#   ./app/views/users/new.html.erb:41:in `_app_views_users_new_html_erb___3572316515646385405_32180'[0m

  52) [STEP2] ユーザログイン後のテスト 自分の投稿詳細画面のテスト サイドバーの確認 自分のユーザ編集画面へのリンクが存在する
      [31mFailure/Error: <%= link_to 'Log in', login_path, class: "link-offset-0 link-offset-0-hover link-underline link-underline-opacity-0 link-underline-opacity-75-hover" %>[0m
      [31m[0m
      [31mActionView::Template::Error:[0m
      [31m  undefined local variable or method `login_path' for an instance of #<Class:0x00007656bb63f8c0>[0m
      [36m# ./app/views/users/new.html.erb:41:in `_app_views_users_new_html_erb___3572316515646385405_32180'[0m
      [36m# ./spec/system/02_after_login_spec.rb:10:in `block (2 levels) in <main>'[0m
      [36m# ------------------[0m
      [36m# --- Caused by: ---[0m
      [36m# NameError:[0m
      [36m#   undefined local variable or method `login_path' for an instance of #<Class:0x00007656bb63f8c0>[0m
      [36m#   ./app/views/users/new.html.erb:41:in `_app_views_users_new_html_erb___3572316515646385405_32180'[0m

  53) [STEP2] ユーザログイン後のテスト 自分の投稿詳細画面のテスト サイドバーの確認 「New book」と表示される
      [31mFailure/Error: <%= link_to 'Log in', login_path, class: "link-offset-0 link-offset-0-hover link-underline link-underline-opacity-0 link-underline-opacity-75-hover" %>[0m
      [31m[0m
      [31mActionView::Template::Error:[0m
      [31m  undefined local variable or method `login_path' for an instance of #<Class:0x00007656bb63f8c0>[0m
      [36m# ./app/views/users/new.html.erb:41:in `_app_views_users_new_html_erb___3572316515646385405_32180'[0m
      [36m# ./spec/system/02_after_login_spec.rb:10:in `block (2 levels) in <main>'[0m
      [36m# ------------------[0m
      [36m# --- Caused by: ---[0m
      [36m# NameError:[0m
      [36m#   undefined local variable or method `login_path' for an instance of #<Class:0x00007656bb63f8c0>[0m
      [36m#   ./app/views/users/new.html.erb:41:in `_app_views_users_new_html_erb___3572316515646385405_32180'[0m

  54) [STEP2] ユーザログイン後のテスト 自分の投稿詳細画面のテスト サイドバーの確認 titleフォームが表示される
      [31mFailure/Error: <%= link_to 'Log in', login_path, class: "link-offset-0 link-offset-0-hover link-underline link-underline-opacity-0 link-underline-opacity-75-hover" %>[0m
      [31m[0m
      [31mActionView::Template::Error:[0m
      [31m  undefined local variable or method `login_path' for an instance of #<Class:0x00007656bb63f8c0>[0m
      [36m# ./app/views/users/new.html.erb:41:in `_app_views_users_new_html_erb___3572316515646385405_32180'[0m
      [36m# ./spec/system/02_after_login_spec.rb:10:in `block (2 levels) in <main>'[0m
      [36m# ------------------[0m
      [36m# --- Caused by: ---[0m
      [36m# NameError:[0m
      [36m#   undefined local variable or method `login_path' for an instance of #<Class:0x00007656bb63f8c0>[0m
      [36m#   ./app/views/users/new.html.erb:41:in `_app_views_users_new_html_erb___3572316515646385405_32180'[0m

  55) [STEP2] ユーザログイン後のテスト 自分の投稿詳細画面のテスト サイドバーの確認 titleフォームに値が入っていない
      [31mFailure/Error: <%= link_to 'Log in', login_path, class: "link-offset-0 link-offset-0-hover link-underline link-underline-opacity-0 link-underline-opacity-75-hover" %>[0m
      [31m[0m
      [31mActionView::Template::Error:[0m
      [31m  undefined local variable or method `login_path' for an instance of #<Class:0x00007656bb63f8c0>[0m
      [36m# ./app/views/users/new.html.erb:41:in `_app_views_users_new_html_erb___3572316515646385405_32180'[0m
      [36m# ./spec/system/02_after_login_spec.rb:10:in `block (2 levels) in <main>'[0m
      [36m# ------------------[0m
      [36m# --- Caused by: ---[0m
      [36m# NameError:[0m
      [36m#   undefined local variable or method `login_path' for an instance of #<Class:0x00007656bb63f8c0>[0m
      [36m#   ./app/views/users/new.html.erb:41:in `_app_views_users_new_html_erb___3572316515646385405_32180'[0m

  56) [STEP2] ユーザログイン後のテスト 自分の投稿詳細画面のテスト サイドバーの確認 bodyフォームが表示される
      [31mFailure/Error: <%= link_to 'Log in', login_path, class: "link-offset-0 link-offset-0-hover link-underline link-underline-opacity-0 link-underline-opacity-75-hover" %>[0m
      [31m[0m
      [31mActionView::Template::Error:[0m
      [31m  undefined local variable or method `login_path' for an instance of #<Class:0x00007656bb63f8c0>[0m
      [36m# ./app/views/users/new.html.erb:41:in `_app_views_users_new_html_erb___3572316515646385405_32180'[0m
      [36m# ./spec/system/02_after_login_spec.rb:10:in `block (2 levels) in <main>'[0m
      [36m# ------------------[0m
      [36m# --- Caused by: ---[0m
      [36m# NameError:[0m
      [36m#   undefined local variable or method `login_path' for an instance of #<Class:0x00007656bb63f8c0>[0m
      [36m#   ./app/views/users/new.html.erb:41:in `_app_views_users_new_html_erb___3572316515646385405_32180'[0m

  57) [STEP2] ユーザログイン後のテスト 自分の投稿詳細画面のテスト サイドバーの確認 bodyフォームに値が入っていない
      [31mFailure/Error: <%= link_to 'Log in', login_path, class: "link-offset-0 link-offset-0-hover link-underline link-underline-opacity-0 link-underline-opacity-75-hover" %>[0m
      [31m[0m
      [31mActionView::Template::Error:[0m
      [31m  undefined local variable or method `login_path' for an instance of #<Class:0x00007656bb63f8c0>[0m
      [36m# ./app/views/users/new.html.erb:41:in `_app_views_users_new_html_erb___3572316515646385405_32180'[0m
      [36m# ./spec/system/02_after_login_spec.rb:10:in `block (2 levels) in <main>'[0m
      [36m# ------------------[0m
      [36m# --- Caused by: ---[0m
      [36m# NameError:[0m
      [36m#   undefined local variable or method `login_path' for an instance of #<Class:0x00007656bb63f8c0>[0m
      [36m#   ./app/views/users/new.html.erb:41:in `_app_views_users_new_html_erb___3572316515646385405_32180'[0m

  58) [STEP2] ユーザログイン後のテスト 自分の投稿詳細画面のテスト サイドバーの確認 Create Bookボタンが表示される
      [31mFailure/Error: <%= link_to 'Log in', login_path, class: "link-offset-0 link-offset-0-hover link-underline link-underline-opacity-0 link-underline-opacity-75-hover" %>[0m
      [31m[0m
      [31mActionView::Template::Error:[0m
      [31m  undefined local variable or method `login_path' for an instance of #<Class:0x00007656bb63f8c0>[0m
      [36m# ./app/views/users/new.html.erb:41:in `_app_views_users_new_html_erb___3572316515646385405_32180'[0m
      [36m# ./spec/system/02_after_login_spec.rb:10:in `block (2 levels) in <main>'[0m
      [36m# ------------------[0m
      [36m# --- Caused by: ---[0m
      [36m# NameError:[0m
      [36m#   undefined local variable or method `login_path' for an instance of #<Class:0x00007656bb63f8c0>[0m
      [36m#   ./app/views/users/new.html.erb:41:in `_app_views_users_new_html_erb___3572316515646385405_32180'[0m

  59) [STEP2] ユーザログイン後のテスト 自分の投稿詳細画面のテスト 投稿成功のテスト 自分の新しい投稿が正しく保存される
      [31mFailure/Error: <%= link_to 'Log in', login_path, class: "link-offset-0 link-offset-0-hover link-underline link-underline-opacity-0 link-underline-opacity-75-hover" %>[0m
      [31m[0m
      [31mActionView::Template::Error:[0m
      [31m  undefined local variable or method `login_path' for an instance of #<Class:0x00007656bb63f8c0>[0m
      [36m# ./app/views/users/new.html.erb:41:in `_app_views_users_new_html_erb___3572316515646385405_32180'[0m
      [36m# ./spec/system/02_after_login_spec.rb:10:in `block (2 levels) in <main>'[0m
      [36m# ------------------[0m
      [36m# --- Caused by: ---[0m
      [36m# NameError:[0m
      [36m#   undefined local variable or method `login_path' for an instance of #<Class:0x00007656bb63f8c0>[0m
      [36m#   ./app/views/users/new.html.erb:41:in `_app_views_users_new_html_erb___3572316515646385405_32180'[0m

  60) [STEP2] ユーザログイン後のテスト 自分の投稿詳細画面のテスト 編集リンクのテスト 編集画面に遷移する
      [31mFailure/Error: <%= link_to 'Log in', login_path, class: "link-offset-0 link-offset-0-hover link-underline link-underline-opacity-0 link-underline-opacity-75-hover" %>[0m
      [31m[0m
      [31mActionView::Template::Error:[0m
      [31m  undefined local variable or method `login_path' for an instance of #<Class:0x00007656bb63f8c0>[0m
      [36m# ./app/views/users/new.html.erb:41:in `_app_views_users_new_html_erb___3572316515646385405_32180'[0m
      [36m# ./spec/system/02_after_login_spec.rb:10:in `block (2 levels) in <main>'[0m
      [36m# ------------------[0m
      [36m# --- Caused by: ---[0m
      [36m# NameError:[0m
      [36m#   undefined local variable or method `login_path' for an instance of #<Class:0x00007656bb63f8c0>[0m
      [36m#   ./app/views/users/new.html.erb:41:in `_app_views_users_new_html_erb___3572316515646385405_32180'[0m

  61) [STEP2] ユーザログイン後のテスト 自分の投稿詳細画面のテスト 削除リンクのテスト application.html.erbにjavascript_pack_tagを含んでいる
      [31mFailure/Error: <%= link_to 'Log in', login_path, class: "link-offset-0 link-offset-0-hover link-underline link-underline-opacity-0 link-underline-opacity-75-hover" %>[0m
      [31m[0m
      [31mActionView::Template::Error:[0m
      [31m  undefined local variable or method `login_path' for an instance of #<Class:0x00007656bb63f8c0>[0m
      [36m# ./app/views/users/new.html.erb:41:in `_app_views_users_new_html_erb___3572316515646385405_32180'[0m
      [36m# ./spec/system/02_after_login_spec.rb:10:in `block (2 levels) in <main>'[0m
      [36m# ------------------[0m
      [36m# --- Caused by: ---[0m
      [36m# NameError:[0m
      [36m#   undefined local variable or method `login_path' for an instance of #<Class:0x00007656bb63f8c0>[0m
      [36m#   ./app/views/users/new.html.erb:41:in `_app_views_users_new_html_erb___3572316515646385405_32180'[0m

  62) [STEP2] ユーザログイン後のテスト 自分の投稿詳細画面のテスト 削除リンクのテスト 正しく削除される
      [31mFailure/Error: <%= link_to 'Log in', login_path, class: "link-offset-0 link-offset-0-hover link-underline link-underline-opacity-0 link-underline-opacity-75-hover" %>[0m
      [31m[0m
      [31mActionView::Template::Error:[0m
      [31m  undefined local variable or method `login_path' for an instance of #<Class:0x00007656bb63f8c0>[0m
      [36m# ./app/views/users/new.html.erb:41:in `_app_views_users_new_html_erb___3572316515646385405_32180'[0m
      [36m# ./spec/system/02_after_login_spec.rb:10:in `block (2 levels) in <main>'[0m
      [36m# ------------------[0m
      [36m# --- Caused by: ---[0m
      [36m# NameError:[0m
      [36m#   undefined local variable or method `login_path' for an instance of #<Class:0x00007656bb63f8c0>[0m
      [36m#   ./app/views/users/new.html.erb:41:in `_app_views_users_new_html_erb___3572316515646385405_32180'[0m

  63) [STEP2] ユーザログイン後のテスト 自分の投稿詳細画面のテスト 削除リンクのテスト リダイレクト先が、投稿一覧画面になっている
      [31mFailure/Error: <%= link_to 'Log in', login_path, class: "link-offset-0 link-offset-0-hover link-underline link-underline-opacity-0 link-underline-opacity-75-hover" %>[0m
      [31m[0m
      [31mActionView::Template::Error:[0m
      [31m  undefined local variable or method `login_path' for an instance of #<Class:0x00007656bb63f8c0>[0m
      [36m# ./app/views/users/new.html.erb:41:in `_app_views_users_new_html_erb___3572316515646385405_32180'[0m
      [36m# ./spec/system/02_after_login_spec.rb:10:in `block (2 levels) in <main>'[0m
      [36m# ------------------[0m
      [36m# --- Caused by: ---[0m
      [36m# NameError:[0m
      [36m#   undefined local variable or method `login_path' for an instance of #<Class:0x00007656bb63f8c0>[0m
      [36m#   ./app/views/users/new.html.erb:41:in `_app_views_users_new_html_erb___3572316515646385405_32180'[0m

  64) [STEP2] ユーザログイン後のテスト 自分の投稿編集画面のテスト 表示の確認 URLが正しい
      [31mFailure/Error: <%= link_to 'Log in', login_path, class: "link-offset-0 link-offset-0-hover link-underline link-underline-opacity-0 link-underline-opacity-75-hover" %>[0m
      [31m[0m
      [31mActionView::Template::Error:[0m
      [31m  undefined local variable or method `login_path' for an instance of #<Class:0x00007656bb63f8c0>[0m
      [36m# ./app/views/users/new.html.erb:41:in `_app_views_users_new_html_erb___3572316515646385405_32180'[0m
      [36m# ./spec/system/02_after_login_spec.rb:10:in `block (2 levels) in <main>'[0m
      [36m# ------------------[0m
      [36m# --- Caused by: ---[0m
      [36m# NameError:[0m
      [36m#   undefined local variable or method `login_path' for an instance of #<Class:0x00007656bb63f8c0>[0m
      [36m#   ./app/views/users/new.html.erb:41:in `_app_views_users_new_html_erb___3572316515646385405_32180'[0m

  65) [STEP2] ユーザログイン後のテスト 自分の投稿編集画面のテスト 表示の確認 「Editing Book」と表示される
      [31mFailure/Error: <%= link_to 'Log in', login_path, class: "link-offset-0 link-offset-0-hover link-underline link-underline-opacity-0 link-underline-opacity-75-hover" %>[0m
      [31m[0m
      [31mActionView::Template::Error:[0m
      [31m  undefined local variable or method `login_path' for an instance of #<Class:0x00007656bb63f8c0>[0m
      [36m# ./app/views/users/new.html.erb:41:in `_app_views_users_new_html_erb___3572316515646385405_32180'[0m
      [36m# ./spec/system/02_after_login_spec.rb:10:in `block (2 levels) in <main>'[0m
      [36m# ------------------[0m
      [36m# --- Caused by: ---[0m
      [36m# NameError:[0m
      [36m#   undefined local variable or method `login_path' for an instance of #<Class:0x00007656bb63f8c0>[0m
      [36m#   ./app/views/users/new.html.erb:41:in `_app_views_users_new_html_erb___3572316515646385405_32180'[0m

  66) [STEP2] ユーザログイン後のテスト 自分の投稿編集画面のテスト 表示の確認 title編集フォームが表示される
      [31mFailure/Error: <%= link_to 'Log in', login_path, class: "link-offset-0 link-offset-0-hover link-underline link-underline-opacity-0 link-underline-opacity-75-hover" %>[0m
      [31m[0m
      [31mActionView::Template::Error:[0m
      [31m  undefined local variable or method `login_path' for an instance of #<Class:0x00007656bb63f8c0>[0m
      [36m# ./app/views/users/new.html.erb:41:in `_app_views_users_new_html_erb___3572316515646385405_32180'[0m
      [36m# ./spec/system/02_after_login_spec.rb:10:in `block (2 levels) in <main>'[0m
      [36m# ------------------[0m
      [36m# --- Caused by: ---[0m
      [36m# NameError:[0m
      [36m#   undefined local variable or method `login_path' for an instance of #<Class:0x00007656bb63f8c0>[0m
      [36m#   ./app/views/users/new.html.erb:41:in `_app_views_users_new_html_erb___3572316515646385405_32180'[0m

  67) [STEP2] ユーザログイン後のテスト 自分の投稿編集画面のテスト 表示の確認 body編集フォームが表示される
      [31mFailure/Error: <%= link_to 'Log in', login_path, class: "link-offset-0 link-offset-0-hover link-underline link-underline-opacity-0 link-underline-opacity-75-hover" %>[0m
      [31m[0m
      [31mActionView::Template::Error:[0m
      [31m  undefined local variable or method `login_path' for an instance of #<Class:0x00007656bb63f8c0>[0m
      [36m# ./app/views/users/new.html.erb:41:in `_app_views_users_new_html_erb___3572316515646385405_32180'[0m
      [36m# ./spec/system/02_after_login_spec.rb:10:in `block (2 levels) in <main>'[0m
      [36m# ------------------[0m
      [36m# --- Caused by: ---[0m
      [36m# NameError:[0m
      [36m#   undefined local variable or method `login_path' for an instance of #<Class:0x00007656bb63f8c0>[0m
      [36m#   ./app/views/users/new.html.erb:41:in `_app_views_users_new_html_erb___3572316515646385405_32180'[0m

  68) [STEP2] ユーザログイン後のテスト 自分の投稿編集画面のテスト 表示の確認 Update Bookボタンが表示される
      [31mFailure/Error: <%= link_to 'Log in', login_path, class: "link-offset-0 link-offset-0-hover link-underline link-underline-opacity-0 link-underline-opacity-75-hover" %>[0m
      [31m[0m
      [31mActionView::Template::Error:[0m
      [31m  undefined local variable or method `login_path' for an instance of #<Class:0x00007656bb63f8c0>[0m
      [36m# ./app/views/users/new.html.erb:41:in `_app_views_users_new_html_erb___3572316515646385405_32180'[0m
      [36m# ./spec/system/02_after_login_spec.rb:10:in `block (2 levels) in <main>'[0m
      [36m# ------------------[0m
      [36m# --- Caused by: ---[0m
      [36m# NameError:[0m
      [36m#   undefined local variable or method `login_path' for an instance of #<Class:0x00007656bb63f8c0>[0m
      [36m#   ./app/views/users/new.html.erb:41:in `_app_views_users_new_html_erb___3572316515646385405_32180'[0m

  69) [STEP2] ユーザログイン後のテスト 自分の投稿編集画面のテスト 表示の確認 Showリンクが表示される
      [31mFailure/Error: <%= link_to 'Log in', login_path, class: "link-offset-0 link-offset-0-hover link-underline link-underline-opacity-0 link-underline-opacity-75-hover" %>[0m
      [31m[0m
      [31mActionView::Template::Error:[0m
      [31m  undefined local variable or method `login_path' for an instance of #<Class:0x00007656bb63f8c0>[0m
      [36m# ./app/views/users/new.html.erb:41:in `_app_views_users_new_html_erb___3572316515646385405_32180'[0m
      [36m# ./spec/system/02_after_login_spec.rb:10:in `block (2 levels) in <main>'[0m
      [36m# ------------------[0m
      [36m# --- Caused by: ---[0m
      [36m# NameError:[0m
      [36m#   undefined local variable or method `login_path' for an instance of #<Class:0x00007656bb63f8c0>[0m
      [36m#   ./app/views/users/new.html.erb:41:in `_app_views_users_new_html_erb___3572316515646385405_32180'[0m

  70) [STEP2] ユーザログイン後のテスト 自分の投稿編集画面のテスト 表示の確認 Backリンクが表示される
      [31mFailure/Error: <%= link_to 'Log in', login_path, class: "link-offset-0 link-offset-0-hover link-underline link-underline-opacity-0 link-underline-opacity-75-hover" %>[0m
      [31m[0m
      [31mActionView::Template::Error:[0m
      [31m  undefined local variable or method `login_path' for an instance of #<Class:0x00007656bb63f8c0>[0m
      [36m# ./app/views/users/new.html.erb:41:in `_app_views_users_new_html_erb___3572316515646385405_32180'[0m
      [36m# ./spec/system/02_after_login_spec.rb:10:in `block (2 levels) in <main>'[0m
      [36m# ------------------[0m
      [36m# --- Caused by: ---[0m
      [36m# NameError:[0m
      [36m#   undefined local variable or method `login_path' for an instance of #<Class:0x00007656bb63f8c0>[0m
      [36m#   ./app/views/users/new.html.erb:41:in `_app_views_users_new_html_erb___3572316515646385405_32180'[0m

  71) [STEP2] ユーザログイン後のテスト 自分の投稿編集画面のテスト 編集成功のテスト titleが正しく更新される
      [31mFailure/Error: <%= link_to 'Log in', login_path, class: "link-offset-0 link-offset-0-hover link-underline link-underline-opacity-0 link-underline-opacity-75-hover" %>[0m
      [31m[0m
      [31mActionView::Template::Error:[0m
      [31m  undefined local variable or method `login_path' for an instance of #<Class:0x00007656bb63f8c0>[0m
      [36m# ./app/views/users/new.html.erb:41:in `_app_views_users_new_html_erb___3572316515646385405_32180'[0m
      [36m# ./spec/system/02_after_login_spec.rb:10:in `block (2 levels) in <main>'[0m
      [36m# ------------------[0m
      [36m# --- Caused by: ---[0m
      [36m# NameError:[0m
      [36m#   undefined local variable or method `login_path' for an instance of #<Class:0x00007656bb63f8c0>[0m
      [36m#   ./app/views/users/new.html.erb:41:in `_app_views_users_new_html_erb___3572316515646385405_32180'[0m

  72) [STEP2] ユーザログイン後のテスト 自分の投稿編集画面のテスト 編集成功のテスト bodyが正しく更新される
      [31mFailure/Error: <%= link_to 'Log in', login_path, class: "link-offset-0 link-offset-0-hover link-underline link-underline-opacity-0 link-underline-opacity-75-hover" %>[0m
      [31m[0m
      [31mActionView::Template::Error:[0m
      [31m  undefined local variable or method `login_path' for an instance of #<Class:0x00007656bb63f8c0>[0m
      [36m# ./app/views/users/new.html.erb:41:in `_app_views_users_new_html_erb___3572316515646385405_32180'[0m
      [36m# ./spec/system/02_after_login_spec.rb:10:in `block (2 levels) in <main>'[0m
      [36m# ------------------[0m
      [36m# --- Caused by: ---[0m
      [36m# NameError:[0m
      [36m#   undefined local variable or method `login_path' for an instance of #<Class:0x00007656bb63f8c0>[0m
      [36m#   ./app/views/users/new.html.erb:41:in `_app_views_users_new_html_erb___3572316515646385405_32180'[0m

  73) [STEP2] ユーザログイン後のテスト 自分の投稿編集画面のテスト 編集成功のテスト リダイレクト先が、更新した投稿の詳細画面になっている
      [31mFailure/Error: <%= link_to 'Log in', login_path, class: "link-offset-0 link-offset-0-hover link-underline link-underline-opacity-0 link-underline-opacity-75-hover" %>[0m
      [31m[0m
      [31mActionView::Template::Error:[0m
      [31m  undefined local variable or method `login_path' for an instance of #<Class:0x00007656bb63f8c0>[0m
      [36m# ./app/views/users/new.html.erb:41:in `_app_views_users_new_html_erb___3572316515646385405_32180'[0m
      [36m# ./spec/system/02_after_login_spec.rb:10:in `block (2 levels) in <main>'[0m
      [36m# ------------------[0m
      [36m# --- Caused by: ---[0m
      [36m# NameError:[0m
      [36m#   undefined local variable or method `login_path' for an instance of #<Class:0x00007656bb63f8c0>[0m
      [36m#   ./app/views/users/new.html.erb:41:in `_app_views_users_new_html_erb___3572316515646385405_32180'[0m

  74) [STEP2] ユーザログイン後のテスト ユーザ一覧画面のテスト 表示内容の確認 URLが正しい
      [31mFailure/Error: <%= link_to 'Log in', login_path, class: "link-offset-0 link-offset-0-hover link-underline link-underline-opacity-0 link-underline-opacity-75-hover" %>[0m
      [31m[0m
      [31mActionView::Template::Error:[0m
      [31m  undefined local variable or method `login_path' for an instance of #<Class:0x00007656bb63f8c0>[0m
      [36m# ./app/views/users/new.html.erb:41:in `_app_views_users_new_html_erb___3572316515646385405_32180'[0m
      [36m# ./spec/system/02_after_login_spec.rb:10:in `block (2 levels) in <main>'[0m
      [36m# ------------------[0m
      [36m# --- Caused by: ---[0m
      [36m# NameError:[0m
      [36m#   undefined local variable or method `login_path' for an instance of #<Class:0x00007656bb63f8c0>[0m
      [36m#   ./app/views/users/new.html.erb:41:in `_app_views_users_new_html_erb___3572316515646385405_32180'[0m

  75) [STEP2] ユーザログイン後のテスト ユーザ一覧画面のテスト 表示内容の確認 自分と他人の画像が表示される: fallbackの画像がサイドバーの1つ＋一覧(2人)の2つの計3つ存在する
      [31mFailure/Error: <%= link_to 'Log in', login_path, class: "link-offset-0 link-offset-0-hover link-underline link-underline-opacity-0 link-underline-opacity-75-hover" %>[0m
      [31m[0m
      [31mActionView::Template::Error:[0m
      [31m  undefined local variable or method `login_path' for an instance of #<Class:0x00007656bb63f8c0>[0m
      [36m# ./app/views/users/new.html.erb:41:in `_app_views_users_new_html_erb___3572316515646385405_32180'[0m
      [36m# ./spec/system/02_after_login_spec.rb:10:in `block (2 levels) in <main>'[0m
      [36m# ------------------[0m
      [36m# --- Caused by: ---[0m
      [36m# NameError:[0m
      [36m#   undefined local variable or method `login_path' for an instance of #<Class:0x00007656bb63f8c0>[0m
      [36m#   ./app/views/users/new.html.erb:41:in `_app_views_users_new_html_erb___3572316515646385405_32180'[0m

  76) [STEP2] ユーザログイン後のテスト ユーザ一覧画面のテスト 表示内容の確認 自分と他人の名前がそれぞれ表示される
      [31mFailure/Error: <%= link_to 'Log in', login_path, class: "link-offset-0 link-offset-0-hover link-underline link-underline-opacity-0 link-underline-opacity-75-hover" %>[0m
      [31m[0m
      [31mActionView::Template::Error:[0m
      [31m  undefined local variable or method `login_path' for an instance of #<Class:0x00007656bb63f8c0>[0m
      [36m# ./app/views/users/new.html.erb:41:in `_app_views_users_new_html_erb___3572316515646385405_32180'[0m
      [36m# ./spec/system/02_after_login_spec.rb:10:in `block (2 levels) in <main>'[0m
      [36m# ------------------[0m
      [36m# --- Caused by: ---[0m
      [36m# NameError:[0m
      [36m#   undefined local variable or method `login_path' for an instance of #<Class:0x00007656bb63f8c0>[0m
      [36m#   ./app/views/users/new.html.erb:41:in `_app_views_users_new_html_erb___3572316515646385405_32180'[0m

  77) [STEP2] ユーザログイン後のテスト ユーザ一覧画面のテスト 表示内容の確認 自分と他人のshowリンクがそれぞれ表示される
      [31mFailure/Error: <%= link_to 'Log in', login_path, class: "link-offset-0 link-offset-0-hover link-underline link-underline-opacity-0 link-underline-opacity-75-hover" %>[0m
      [31m[0m
      [31mActionView::Template::Error:[0m
      [31m  undefined local variable or method `login_path' for an instance of #<Class:0x00007656bb63f8c0>[0m
      [36m# ./app/views/users/new.html.erb:41:in `_app_views_users_new_html_erb___3572316515646385405_32180'[0m
      [36m# ./spec/system/02_after_login_spec.rb:10:in `block (2 levels) in <main>'[0m
      [36m# ------------------[0m
      [36m# --- Caused by: ---[0m
      [36m# NameError:[0m
      [36m#   undefined local variable or method `login_path' for an instance of #<Class:0x00007656bb63f8c0>[0m
      [36m#   ./app/views/users/new.html.erb:41:in `_app_views_users_new_html_erb___3572316515646385405_32180'[0m

  78) [STEP2] ユーザログイン後のテスト ユーザ一覧画面のテスト サイドバーの確認 自分の名前と紹介文が表示される
      [31mFailure/Error: <%= link_to 'Log in', login_path, class: "link-offset-0 link-offset-0-hover link-underline link-underline-opacity-0 link-underline-opacity-75-hover" %>[0m
      [31m[0m
      [31mActionView::Template::Error:[0m
      [31m  undefined local variable or method `login_path' for an instance of #<Class:0x00007656bb63f8c0>[0m
      [36m# ./app/views/users/new.html.erb:41:in `_app_views_users_new_html_erb___3572316515646385405_32180'[0m
      [36m# ./spec/system/02_after_login_spec.rb:10:in `block (2 levels) in <main>'[0m
      [36m# ------------------[0m
      [36m# --- Caused by: ---[0m
      [36m# NameError:[0m
      [36m#   undefined local variable or method `login_path' for an instance of #<Class:0x00007656bb63f8c0>[0m
      [36m#   ./app/views/users/new.html.erb:41:in `_app_views_users_new_html_erb___3572316515646385405_32180'[0m

  79) [STEP2] ユーザログイン後のテスト ユーザ一覧画面のテスト サイドバーの確認 自分のユーザ編集画面へのリンクが存在する
      [31mFailure/Error: <%= link_to 'Log in', login_path, class: "link-offset-0 link-offset-0-hover link-underline link-underline-opacity-0 link-underline-opacity-75-hover" %>[0m
      [31m[0m
      [31mActionView::Template::Error:[0m
      [31m  undefined local variable or method `login_path' for an instance of #<Class:0x00007656bb63f8c0>[0m
      [36m# ./app/views/users/new.html.erb:41:in `_app_views_users_new_html_erb___3572316515646385405_32180'[0m
      [36m# ./spec/system/02_after_login_spec.rb:10:in `block (2 levels) in <main>'[0m
      [36m# ------------------[0m
      [36m# --- Caused by: ---[0m
      [36m# NameError:[0m
      [36m#   undefined local variable or method `login_path' for an instance of #<Class:0x00007656bb63f8c0>[0m
      [36m#   ./app/views/users/new.html.erb:41:in `_app_views_users_new_html_erb___3572316515646385405_32180'[0m

  80) [STEP2] ユーザログイン後のテスト ユーザ一覧画面のテスト サイドバーの確認 「New book」と表示される
      [31mFailure/Error: <%= link_to 'Log in', login_path, class: "link-offset-0 link-offset-0-hover link-underline link-underline-opacity-0 link-underline-opacity-75-hover" %>[0m
      [31m[0m
      [31mActionView::Template::Error:[0m
      [31m  undefined local variable or method `login_path' for an instance of #<Class:0x00007656bb63f8c0>[0m
      [36m# ./app/views/users/new.html.erb:41:in `_app_views_users_new_html_erb___3572316515646385405_32180'[0m
      [36m# ./spec/system/02_after_login_spec.rb:10:in `block (2 levels) in <main>'[0m
      [36m# ------------------[0m
      [36m# --- Caused by: ---[0m
      [36m# NameError:[0m
      [36m#   undefined local variable or method `login_path' for an instance of #<Class:0x00007656bb63f8c0>[0m
      [36m#   ./app/views/users/new.html.erb:41:in `_app_views_users_new_html_erb___3572316515646385405_32180'[0m

  81) [STEP2] ユーザログイン後のテスト ユーザ一覧画面のテスト サイドバーの確認 titleフォームが表示される
      [31mFailure/Error: <%= link_to 'Log in', login_path, class: "link-offset-0 link-offset-0-hover link-underline link-underline-opacity-0 link-underline-opacity-75-hover" %>[0m
      [31m[0m
      [31mActionView::Template::Error:[0m
      [31m  undefined local variable or method `login_path' for an instance of #<Class:0x00007656bb63f8c0>[0m
      [36m# ./app/views/users/new.html.erb:41:in `_app_views_users_new_html_erb___3572316515646385405_32180'[0m
      [36m# ./spec/system/02_after_login_spec.rb:10:in `block (2 levels) in <main>'[0m
      [36m# ------------------[0m
      [36m# --- Caused by: ---[0m
      [36m# NameError:[0m
      [36m#   undefined local variable or method `login_path' for an instance of #<Class:0x00007656bb63f8c0>[0m
      [36m#   ./app/views/users/new.html.erb:41:in `_app_views_users_new_html_erb___3572316515646385405_32180'[0m

  82) [STEP2] ユーザログイン後のテスト ユーザ一覧画面のテスト サイドバーの確認 titleフォームに値が入っていない
      [31mFailure/Error: <%= link_to 'Log in', login_path, class: "link-offset-0 link-offset-0-hover link-underline link-underline-opacity-0 link-underline-opacity-75-hover" %>[0m
      [31m[0m
      [31mActionView::Template::Error:[0m
      [31m  undefined local variable or method `login_path' for an instance of #<Class:0x00007656bb63f8c0>[0m
      [36m# ./app/views/users/new.html.erb:41:in `_app_views_users_new_html_erb___3572316515646385405_32180'[0m
      [36m# ./spec/system/02_after_login_spec.rb:10:in `block (2 levels) in <main>'[0m
      [36m# ------------------[0m
      [36m# --- Caused by: ---[0m
      [36m# NameError:[0m
      [36m#   undefined local variable or method `login_path' for an instance of #<Class:0x00007656bb63f8c0>[0m
      [36m#   ./app/views/users/new.html.erb:41:in `_app_views_users_new_html_erb___3572316515646385405_32180'[0m

  83) [STEP2] ユーザログイン後のテスト ユーザ一覧画面のテスト サイドバーの確認 bodyフォームが表示される
      [31mFailure/Error: <%= link_to 'Log in', login_path, class: "link-offset-0 link-offset-0-hover link-underline link-underline-opacity-0 link-underline-opacity-75-hover" %>[0m
      [31m[0m
      [31mActionView::Template::Error:[0m
      [31m  undefined local variable or method `login_path' for an instance of #<Class:0x00007656bb63f8c0>[0m
      [36m# ./app/views/users/new.html.erb:41:in `_app_views_users_new_html_erb___3572316515646385405_32180'[0m
      [36m# ./spec/system/02_after_login_spec.rb:10:in `block (2 levels) in <main>'[0m
      [36m# ------------------[0m
      [36m# --- Caused by: ---[0m
      [36m# NameError:[0m
      [36m#   undefined local variable or method `login_path' for an instance of #<Class:0x00007656bb63f8c0>[0m
      [36m#   ./app/views/users/new.html.erb:41:in `_app_views_users_new_html_erb___3572316515646385405_32180'[0m

  84) [STEP2] ユーザログイン後のテスト ユーザ一覧画面のテスト サイドバーの確認 bodyフォームに値が入っていない
      [31mFailure/Error: <%= link_to 'Log in', login_path, class: "link-offset-0 link-offset-0-hover link-underline link-underline-opacity-0 link-underline-opacity-75-hover" %>[0m
      [31m[0m
      [31mActionView::Template::Error:[0m
      [31m  undefined local variable or method `login_path' for an instance of #<Class:0x00007656bb63f8c0>[0m
      [36m# ./app/views/users/new.html.erb:41:in `_app_views_users_new_html_erb___3572316515646385405_32180'[0m
      [36m# ./spec/system/02_after_login_spec.rb:10:in `block (2 levels) in <main>'[0m
      [36m# ------------------[0m
      [36m# --- Caused by: ---[0m
      [36m# NameError:[0m
      [36m#   undefined local variable or method `login_path' for an instance of #<Class:0x00007656bb63f8c0>[0m
      [36m#   ./app/views/users/new.html.erb:41:in `_app_views_users_new_html_erb___3572316515646385405_32180'[0m

  85) [STEP2] ユーザログイン後のテスト ユーザ一覧画面のテスト サイドバーの確認 Create Bookボタンが表示される
      [31mFailure/Error: <%= link_to 'Log in', login_path, class: "link-offset-0 link-offset-0-hover link-underline link-underline-opacity-0 link-underline-opacity-75-hover" %>[0m
      [31m[0m
      [31mActionView::Template::Error:[0m
      [31m  undefined local variable or method `login_path' for an instance of #<Class:0x00007656bb63f8c0>[0m
      [36m# ./app/views/users/new.html.erb:41:in `_app_views_users_new_html_erb___3572316515646385405_32180'[0m
      [36m# ./spec/system/02_after_login_spec.rb:10:in `block (2 levels) in <main>'[0m
      [36m# ------------------[0m
      [36m# --- Caused by: ---[0m
      [36m# NameError:[0m
      [36m#   undefined local variable or method `login_path' for an instance of #<Class:0x00007656bb63f8c0>[0m
      [36m#   ./app/views/users/new.html.erb:41:in `_app_views_users_new_html_erb___3572316515646385405_32180'[0m

  86) [STEP2] ユーザログイン後のテスト 自分のユーザ詳細画面のテスト 表示の確認 URLが正しい
      [31mFailure/Error: <%= link_to 'Log in', login_path, class: "link-offset-0 link-offset-0-hover link-underline link-underline-opacity-0 link-underline-opacity-75-hover" %>[0m
      [31m[0m
      [31mActionView::Template::Error:[0m
      [31m  undefined local variable or method `login_path' for an instance of #<Class:0x00007656bb63f8c0>[0m
      [36m# ./app/views/users/new.html.erb:41:in `_app_views_users_new_html_erb___3572316515646385405_32180'[0m
      [36m# ./spec/system/02_after_login_spec.rb:10:in `block (2 levels) in <main>'[0m
      [36m# ------------------[0m
      [36m# --- Caused by: ---[0m
      [36m# NameError:[0m
      [36m#   undefined local variable or method `login_path' for an instance of #<Class:0x00007656bb63f8c0>[0m
      [36m#   ./app/views/users/new.html.erb:41:in `_app_views_users_new_html_erb___3572316515646385405_32180'[0m

  87) [STEP2] ユーザログイン後のテスト 自分のユーザ詳細画面のテスト 表示の確認 投稿一覧のユーザ画像のリンク先が正しい
      [31mFailure/Error: <%= link_to 'Log in', login_path, class: "link-offset-0 link-offset-0-hover link-underline link-underline-opacity-0 link-underline-opacity-75-hover" %>[0m
      [31m[0m
      [31mActionView::Template::Error:[0m
      [31m  undefined local variable or method `login_path' for an instance of #<Class:0x00007656bb63f8c0>[0m
      [36m# ./app/views/users/new.html.erb:41:in `_app_views_users_new_html_erb___3572316515646385405_32180'[0m
      [36m# ./spec/system/02_after_login_spec.rb:10:in `block (2 levels) in <main>'[0m
      [36m# ------------------[0m
      [36m# --- Caused by: ---[0m
      [36m# NameError:[0m
      [36m#   undefined local variable or method `login_path' for an instance of #<Class:0x00007656bb63f8c0>[0m
      [36m#   ./app/views/users/new.html.erb:41:in `_app_views_users_new_html_erb___3572316515646385405_32180'[0m

  88) [STEP2] ユーザログイン後のテスト 自分のユーザ詳細画面のテスト 表示の確認 投稿一覧に自分の投稿のtitleが表示され、リンクが正しい
      [31mFailure/Error: <%= link_to 'Log in', login_path, class: "link-offset-0 link-offset-0-hover link-underline link-underline-opacity-0 link-underline-opacity-75-hover" %>[0m
      [31m[0m
      [31mActionView::Template::Error:[0m
      [31m  undefined local variable or method `login_path' for an instance of #<Class:0x00007656bb63f8c0>[0m
      [36m# ./app/views/users/new.html.erb:41:in `_app_views_users_new_html_erb___3572316515646385405_32180'[0m
      [36m# ./spec/system/02_after_login_spec.rb:10:in `block (2 levels) in <main>'[0m
      [36m# ------------------[0m
      [36m# --- Caused by: ---[0m
      [36m# NameError:[0m
      [36m#   undefined local variable or method `login_path' for an instance of #<Class:0x00007656bb63f8c0>[0m
      [36m#   ./app/views/users/new.html.erb:41:in `_app_views_users_new_html_erb___3572316515646385405_32180'[0m

  89) [STEP2] ユーザログイン後のテスト 自分のユーザ詳細画面のテスト 表示の確認 投稿一覧に自分の投稿のbodyが表示される
      [31mFailure/Error: <%= link_to 'Log in', login_path, class: "link-offset-0 link-offset-0-hover link-underline link-underline-opacity-0 link-underline-opacity-75-hover" %>[0m
      [31m[0m
      [31mActionView::Template::Error:[0m
      [31m  undefined local variable or method `login_path' for an instance of #<Class:0x00007656bb63f8c0>[0m
      [36m# ./app/views/users/new.html.erb:41:in `_app_views_users_new_html_erb___3572316515646385405_32180'[0m
      [36m# ./spec/system/02_after_login_spec.rb:10:in `block (2 levels) in <main>'[0m
      [36m# ------------------[0m
      [36m# --- Caused by: ---[0m
      [36m# NameError:[0m
      [36m#   undefined local variable or method `login_path' for an instance of #<Class:0x00007656bb63f8c0>[0m
      [36m#   ./app/views/users/new.html.erb:41:in `_app_views_users_new_html_erb___3572316515646385405_32180'[0m

  90) [STEP2] ユーザログイン後のテスト 自分のユーザ詳細画面のテスト 表示の確認 他人の投稿は表示されない
      [31mFailure/Error: <%= link_to 'Log in', login_path, class: "link-offset-0 link-offset-0-hover link-underline link-underline-opacity-0 link-underline-opacity-75-hover" %>[0m
      [31m[0m
      [31mActionView::Template::Error:[0m
      [31m  undefined local variable or method `login_path' for an instance of #<Class:0x00007656bb63f8c0>[0m
      [36m# ./app/views/users/new.html.erb:41:in `_app_views_users_new_html_erb___3572316515646385405_32180'[0m
      [36m# ./spec/system/02_after_login_spec.rb:10:in `block (2 levels) in <main>'[0m
      [36m# ------------------[0m
      [36m# --- Caused by: ---[0m
      [36m# NameError:[0m
      [36m#   undefined local variable or method `login_path' for an instance of #<Class:0x00007656bb63f8c0>[0m
      [36m#   ./app/views/users/new.html.erb:41:in `_app_views_users_new_html_erb___3572316515646385405_32180'[0m

  91) [STEP2] ユーザログイン後のテスト 自分のユーザ詳細画面のテスト サイドバーの確認 自分の名前と紹介文が表示される
      [31mFailure/Error: <%= link_to 'Log in', login_path, class: "link-offset-0 link-offset-0-hover link-underline link-underline-opacity-0 link-underline-opacity-75-hover" %>[0m
      [31m[0m
      [31mActionView::Template::Error:[0m
      [31m  undefined local variable or method `login_path' for an instance of #<Class:0x00007656bb63f8c0>[0m
      [36m# ./app/views/users/new.html.erb:41:in `_app_views_users_new_html_erb___3572316515646385405_32180'[0m
      [36m# ./spec/system/02_after_login_spec.rb:10:in `block (2 levels) in <main>'[0m
      [36m# ------------------[0m
      [36m# --- Caused by: ---[0m
      [36m# NameError:[0m
      [36m#   undefined local variable or method `login_path' for an instance of #<Class:0x00007656bb63f8c0>[0m
      [36m#   ./app/views/users/new.html.erb:41:in `_app_views_users_new_html_erb___3572316515646385405_32180'[0m

  92) [STEP2] ユーザログイン後のテスト 自分のユーザ詳細画面のテスト サイドバーの確認 自分のユーザ編集画面へのリンクが存在する
      [31mFailure/Error: <%= link_to 'Log in', login_path, class: "link-offset-0 link-offset-0-hover link-underline link-underline-opacity-0 link-underline-opacity-75-hover" %>[0m
      [31m[0m
      [31mActionView::Template::Error:[0m
      [31m  undefined local variable or method `login_path' for an instance of #<Class:0x00007656bb63f8c0>[0m
      [36m# ./app/views/users/new.html.erb:41:in `_app_views_users_new_html_erb___3572316515646385405_32180'[0m
      [36m# ./spec/system/02_after_login_spec.rb:10:in `block (2 levels) in <main>'[0m
      [36m# ------------------[0m
      [36m# --- Caused by: ---[0m
      [36m# NameError:[0m
      [36m#   undefined local variable or method `login_path' for an instance of #<Class:0x00007656bb63f8c0>[0m
      [36m#   ./app/views/users/new.html.erb:41:in `_app_views_users_new_html_erb___3572316515646385405_32180'[0m

  93) [STEP2] ユーザログイン後のテスト 自分のユーザ詳細画面のテスト サイドバーの確認 「New book」と表示される
      [31mFailure/Error: <%= link_to 'Log in', login_path, class: "link-offset-0 link-offset-0-hover link-underline link-underline-opacity-0 link-underline-opacity-75-hover" %>[0m
      [31m[0m
      [31mActionView::Template::Error:[0m
      [31m  undefined local variable or method `login_path' for an instance of #<Class:0x00007656bb63f8c0>[0m
      [36m# ./app/views/users/new.html.erb:41:in `_app_views_users_new_html_erb___3572316515646385405_32180'[0m
      [36m# ./spec/system/02_after_login_spec.rb:10:in `block (2 levels) in <main>'[0m
      [36m# ------------------[0m
      [36m# --- Caused by: ---[0m
      [36m# NameError:[0m
      [36m#   undefined local variable or method `login_path' for an instance of #<Class:0x00007656bb63f8c0>[0m
      [36m#   ./app/views/users/new.html.erb:41:in `_app_views_users_new_html_erb___3572316515646385405_32180'[0m

  94) [STEP2] ユーザログイン後のテスト 自分のユーザ詳細画面のテスト サイドバーの確認 titleフォームが表示される
      [31mFailure/Error: <%= link_to 'Log in', login_path, class: "link-offset-0 link-offset-0-hover link-underline link-underline-opacity-0 link-underline-opacity-75-hover" %>[0m
      [31m[0m
      [31mActionView::Template::Error:[0m
      [31m  undefined local variable or method `login_path' for an instance of #<Class:0x00007656bb63f8c0>[0m
      [36m# ./app/views/users/new.html.erb:41:in `_app_views_users_new_html_erb___3572316515646385405_32180'[0m
      [36m# ./spec/system/02_after_login_spec.rb:10:in `block (2 levels) in <main>'[0m
      [36m# ------------------[0m
      [36m# --- Caused by: ---[0m
      [36m# NameError:[0m
      [36m#   undefined local variable or method `login_path' for an instance of #<Class:0x00007656bb63f8c0>[0m
      [36m#   ./app/views/users/new.html.erb:41:in `_app_views_users_new_html_erb___3572316515646385405_32180'[0m

  95) [STEP2] ユーザログイン後のテスト 自分のユーザ詳細画面のテスト サイドバーの確認 titleフォームに値が入っていない
      [31mFailure/Error: <%= link_to 'Log in', login_path, class: "link-offset-0 link-offset-0-hover link-underline link-underline-opacity-0 link-underline-opacity-75-hover" %>[0m
      [31m[0m
      [31mActionView::Template::Error:[0m
      [31m  undefined local variable or method `login_path' for an instance of #<Class:0x00007656bb63f8c0>[0m
      [36m# ./app/views/users/new.html.erb:41:in `_app_views_users_new_html_erb___3572316515646385405_32180'[0m
      [36m# ./spec/system/02_after_login_spec.rb:10:in `block (2 levels) in <main>'[0m
      [36m# ------------------[0m
      [36m# --- Caused by: ---[0m
      [36m# NameError:[0m
      [36m#   undefined local variable or method `login_path' for an instance of #<Class:0x00007656bb63f8c0>[0m
      [36m#   ./app/views/users/new.html.erb:41:in `_app_views_users_new_html_erb___3572316515646385405_32180'[0m

  96) [STEP2] ユーザログイン後のテスト 自分のユーザ詳細画面のテスト サイドバーの確認 bodyフォームが表示される
      [31mFailure/Error: <%= link_to 'Log in', login_path, class: "link-offset-0 link-offset-0-hover link-underline link-underline-opacity-0 link-underline-opacity-75-hover" %>[0m
      [31m[0m
      [31mActionView::Template::Error:[0m
      [31m  undefined local variable or method `login_path' for an instance of #<Class:0x00007656bb63f8c0>[0m
      [36m# ./app/views/users/new.html.erb:41:in `_app_views_users_new_html_erb___3572316515646385405_32180'[0m
      [36m# ./spec/system/02_after_login_spec.rb:10:in `block (2 levels) in <main>'[0m
      [36m# ------------------[0m
      [36m# --- Caused by: ---[0m
      [36m# NameError:[0m
      [36m#   undefined local variable or method `login_path' for an instance of #<Class:0x00007656bb63f8c0>[0m
      [36m#   ./app/views/users/new.html.erb:41:in `_app_views_users_new_html_erb___3572316515646385405_32180'[0m

  97) [STEP2] ユーザログイン後のテスト 自分のユーザ詳細画面のテスト サイドバーの確認 bodyフォームに値が入っていない
      [31mFailure/Error: <%= link_to 'Log in', login_path, class: "link-offset-0 link-offset-0-hover link-underline link-underline-opacity-0 link-underline-opacity-75-hover" %>[0m
      [31m[0m
      [31mActionView::Template::Error:[0m
      [31m  undefined local variable or method `login_path' for an instance of #<Class:0x00007656bb63f8c0>[0m
      [36m# ./app/views/users/new.html.erb:41:in `_app_views_users_new_html_erb___3572316515646385405_32180'[0m
      [36m# ./spec/system/02_after_login_spec.rb:10:in `block (2 levels) in <main>'[0m
      [36m# ------------------[0m
      [36m# --- Caused by: ---[0m
      [36m# NameError:[0m
      [36m#   undefined local variable or method `login_path' for an instance of #<Class:0x00007656bb63f8c0>[0m
      [36m#   ./app/views/users/new.html.erb:41:in `_app_views_users_new_html_erb___3572316515646385405_32180'[0m

  98) [STEP2] ユーザログイン後のテスト 自分のユーザ詳細画面のテスト サイドバーの確認 Create Bookボタンが表示される
      [31mFailure/Error: <%= link_to 'Log in', login_path, class: "link-offset-0 link-offset-0-hover link-underline link-underline-opacity-0 link-underline-opacity-75-hover" %>[0m
      [31m[0m
      [31mActionView::Template::Error:[0m
      [31m  undefined local variable or method `login_path' for an instance of #<Class:0x00007656bb63f8c0>[0m
      [36m# ./app/views/users/new.html.erb:41:in `_app_views_users_new_html_erb___3572316515646385405_32180'[0m
      [36m# ./spec/system/02_after_login_spec.rb:10:in `block (2 levels) in <main>'[0m
      [36m# ------------------[0m
      [36m# --- Caused by: ---[0m
      [36m# NameError:[0m
      [36m#   undefined local variable or method `login_path' for an instance of #<Class:0x00007656bb63f8c0>[0m
      [36m#   ./app/views/users/new.html.erb:41:in `_app_views_users_new_html_erb___3572316515646385405_32180'[0m

  99) [STEP2] ユーザログイン後のテスト 自分のユーザ情報編集画面のテスト 表示の確認 URLが正しい
      [31mFailure/Error: <%= link_to 'Log in', login_path, class: "link-offset-0 link-offset-0-hover link-underline link-underline-opacity-0 link-underline-opacity-75-hover" %>[0m
      [31m[0m
      [31mActionView::Template::Error:[0m
      [31m  undefined local variable or method `login_path' for an instance of #<Class:0x00007656bb63f8c0>[0m
      [36m# ./app/views/users/new.html.erb:41:in `_app_views_users_new_html_erb___3572316515646385405_32180'[0m
      [36m# ./spec/system/02_after_login_spec.rb:10:in `block (2 levels) in <main>'[0m
      [36m# ------------------[0m
      [36m# --- Caused by: ---[0m
      [36m# NameError:[0m
      [36m#   undefined local variable or method `login_path' for an instance of #<Class:0x00007656bb63f8c0>[0m
      [36m#   ./app/views/users/new.html.erb:41:in `_app_views_users_new_html_erb___3572316515646385405_32180'[0m

  100) [STEP2] ユーザログイン後のテスト 自分のユーザ情報編集画面のテスト 表示の確認 名前編集フォームに自分の名前が表示される
       [31mFailure/Error: <%= link_to 'Log in', login_path, class: "link-offset-0 link-offset-0-hover link-underline link-underline-opacity-0 link-underline-opacity-75-hover" %>[0m
       [31m[0m
       [31mActionView::Template::Error:[0m
       [31m  undefined local variable or method `login_path' for an instance of #<Class:0x00007656bb63f8c0>[0m
       [36m# ./app/views/users/new.html.erb:41:in `_app_views_users_new_html_erb___3572316515646385405_32180'[0m
       [36m# ./spec/system/02_after_login_spec.rb:10:in `block (2 levels) in <main>'[0m
       [36m# ------------------[0m
       [36m# --- Caused by: ---[0m
       [36m# NameError:[0m
       [36m#   undefined local variable or method `login_path' for an instance of #<Class:0x00007656bb63f8c0>[0m
       [36m#   ./app/views/users/new.html.erb:41:in `_app_views_users_new_html_erb___3572316515646385405_32180'[0m

  101) [STEP2] ユーザログイン後のテスト 自分のユーザ情報編集画面のテスト 表示の確認 画像編集フォームが表示される
       [31mFailure/Error: <%= link_to 'Log in', login_path, class: "link-offset-0 link-offset-0-hover link-underline link-underline-opacity-0 link-underline-opacity-75-hover" %>[0m
       [31m[0m
       [31mActionView::Template::Error:[0m
       [31m  undefined local variable or method `login_path' for an instance of #<Class:0x00007656bb63f8c0>[0m
       [36m# ./app/views/users/new.html.erb:41:in `_app_views_users_new_html_erb___3572316515646385405_32180'[0m
       [36m# ./spec/system/02_after_login_spec.rb:10:in `block (2 levels) in <main>'[0m
       [36m# ------------------[0m
       [36m# --- Caused by: ---[0m
       [36m# NameError:[0m
       [36m#   undefined local variable or method `login_path' for an instance of #<Class:0x00007656bb63f8c0>[0m
       [36m#   ./app/views/users/new.html.erb:41:in `_app_views_users_new_html_erb___3572316515646385405_32180'[0m

  102) [STEP2] ユーザログイン後のテスト 自分のユーザ情報編集画面のテスト 表示の確認 自己紹介編集フォームに自分の自己紹介文が表示される
       [31mFailure/Error: <%= link_to 'Log in', login_path, class: "link-offset-0 link-offset-0-hover link-underline link-underline-opacity-0 link-underline-opacity-75-hover" %>[0m
       [31m[0m
       [31mActionView::Template::Error:[0m
       [31m  undefined local variable or method `login_path' for an instance of #<Class:0x00007656bb63f8c0>[0m
       [36m# ./app/views/users/new.html.erb:41:in `_app_views_users_new_html_erb___3572316515646385405_32180'[0m
       [36m# ./spec/system/02_after_login_spec.rb:10:in `block (2 levels) in <main>'[0m
       [36m# ------------------[0m
       [36m# --- Caused by: ---[0m
       [36m# NameError:[0m
       [36m#   undefined local variable or method `login_path' for an instance of #<Class:0x00007656bb63f8c0>[0m
       [36m#   ./app/views/users/new.html.erb:41:in `_app_views_users_new_html_erb___3572316515646385405_32180'[0m

  103) [STEP2] ユーザログイン後のテスト 自分のユーザ情報編集画面のテスト 表示の確認 Update Userボタンが表示される
       [31mFailure/Error: <%= link_to 'Log in', login_path, class: "link-offset-0 link-offset-0-hover link-underline link-underline-opacity-0 link-underline-opacity-75-hover" %>[0m
       [31m[0m
       [31mActionView::Template::Error:[0m
       [31m  undefined local variable or method `login_path' for an instance of #<Class:0x00007656bb63f8c0>[0m
       [36m# ./app/views/users/new.html.erb:41:in `_app_views_users_new_html_erb___3572316515646385405_32180'[0m
       [36m# ./spec/system/02_after_login_spec.rb:10:in `block (2 levels) in <main>'[0m
       [36m# ------------------[0m
       [36m# --- Caused by: ---[0m
       [36m# NameError:[0m
       [36m#   undefined local variable or method `login_path' for an instance of #<Class:0x00007656bb63f8c0>[0m
       [36m#   ./app/views/users/new.html.erb:41:in `_app_views_users_new_html_erb___3572316515646385405_32180'[0m

  104) [STEP2] ユーザログイン後のテスト 自分のユーザ情報編集画面のテスト 更新成功のテスト nameが正しく更新される
       [31mFailure/Error: <%= link_to 'Log in', login_path, class: "link-offset-0 link-offset-0-hover link-underline link-underline-opacity-0 link-underline-opacity-75-hover" %>[0m
       [31m[0m
       [31mActionView::Template::Error:[0m
       [31m  undefined local variable or method `login_path' for an instance of #<Class:0x00007656bb63f8c0>[0m
       [36m# ./app/views/users/new.html.erb:41:in `_app_views_users_new_html_erb___3572316515646385405_32180'[0m
       [36m# ./spec/system/02_after_login_spec.rb:10:in `block (2 levels) in <main>'[0m
       [36m# ------------------[0m
       [36m# --- Caused by: ---[0m
       [36m# NameError:[0m
       [36m#   undefined local variable or method `login_path' for an instance of #<Class:0x00007656bb63f8c0>[0m
       [36m#   ./app/views/users/new.html.erb:41:in `_app_views_users_new_html_erb___3572316515646385405_32180'[0m

  105) [STEP2] ユーザログイン後のテスト 自分のユーザ情報編集画面のテスト 更新成功のテスト introductionが正しく更新される
       [31mFailure/Error: <%= link_to 'Log in', login_path, class: "link-offset-0 link-offset-0-hover link-underline link-underline-opacity-0 link-underline-opacity-75-hover" %>[0m
       [31m[0m
       [31mActionView::Template::Error:[0m
       [31m  undefined local variable or method `login_path' for an instance of #<Class:0x00007656bb63f8c0>[0m
       [36m# ./app/views/users/new.html.erb:41:in `_app_views_users_new_html_erb___3572316515646385405_32180'[0m
       [36m# ./spec/system/02_after_login_spec.rb:10:in `block (2 levels) in <main>'[0m
       [36m# ------------------[0m
       [36m# --- Caused by: ---[0m
       [36m# NameError:[0m
       [36m#   undefined local variable or method `login_path' for an instance of #<Class:0x00007656bb63f8c0>[0m
       [36m#   ./app/views/users/new.html.erb:41:in `_app_views_users_new_html_erb___3572316515646385405_32180'[0m

  106) [STEP2] ユーザログイン後のテスト 自分のユーザ情報編集画面のテスト 更新成功のテスト リダイレクト先が、自分のユーザ詳細画面になっている
       [31mFailure/Error: <%= link_to 'Log in', login_path, class: "link-offset-0 link-offset-0-hover link-underline link-underline-opacity-0 link-underline-opacity-75-hover" %>[0m
       [31m[0m
       [31mActionView::Template::Error:[0m
       [31m  undefined local variable or method `login_path' for an instance of #<Class:0x00007656bb63f8c0>[0m
       [36m# ./app/views/users/new.html.erb:41:in `_app_views_users_new_html_erb___3572316515646385405_32180'[0m
       [36m# ./spec/system/02_after_login_spec.rb:10:in `block (2 levels) in <main>'[0m
       [36m# ------------------[0m
       [36m# --- Caused by: ---[0m
       [36m# NameError:[0m
       [36m#   undefined local variable or method `login_path' for an instance of #<Class:0x00007656bb63f8c0>[0m
       [36m#   ./app/views/users/new.html.erb:41:in `_app_views_users_new_html_erb___3572316515646385405_32180'[0m

  107) [STEP3] 仕上げのテスト サクセスメッセージのテスト ユーザ新規登録成功時
       [31mFailure/Error: <%= link_to 'Log in', login_path, class: "link-offset-0 link-offset-0-hover link-underline link-underline-opacity-0 link-underline-opacity-75-hover" %>[0m
       [31m[0m
       [31mActionView::Template::Error:[0m
       [31m  undefined local variable or method `login_path' for an instance of #<Class:0x00007656bb63f8c0>[0m
       [36m# ./app/views/users/new.html.erb:41:in `_app_views_users_new_html_erb___3572316515646385405_32180'[0m
       [36m# ./spec/system/03_finishing_touches_spec.rb:13:in `block (3 levels) in <main>'[0m
       [36m# ------------------[0m
       [36m# --- Caused by: ---[0m
       [36m# NameError:[0m
       [36m#   undefined local variable or method `login_path' for an instance of #<Class:0x00007656bb63f8c0>[0m
       [36m#   ./app/views/users/new.html.erb:41:in `_app_views_users_new_html_erb___3572316515646385405_32180'[0m

  108) [STEP3] 仕上げのテスト サクセスメッセージのテスト ユーザログイン成功時
       [31mFailure/Error: redirect_to login_url[0m
       [31m[0m
       [31mNameError:[0m
       [31m  undefined local variable or method `login_url' for an instance of SessionsController[0m
       [36m# ./app/controllers/concerns/authentication.rb:34:in `request_authentication'[0m
       [36m# ./app/controllers/concerns/authentication.rb:21:in `require_authentication'[0m
       [36m# ./spec/system/03_finishing_touches_spec.rb:22:in `block (3 levels) in <main>'[0m

  109) [STEP3] 仕上げのテスト サクセスメッセージのテスト ユーザログアウト成功時
       [31mFailure/Error: redirect_to login_url[0m
       [31m[0m
       [31mNameError:[0m
       [31m  undefined local variable or method `login_url' for an instance of SessionsController[0m
       [36m# ./app/controllers/concerns/authentication.rb:34:in `request_authentication'[0m
       [36m# ./app/controllers/concerns/authentication.rb:21:in `require_authentication'[0m
       [36m# ./spec/system/03_finishing_touches_spec.rb:29:in `block (3 levels) in <main>'[0m

  110) [STEP3] 仕上げのテスト サクセスメッセージのテスト ユーザのプロフィール情報更新成功時
       [31mFailure/Error: redirect_to login_url[0m
       [31m[0m
       [31mNameError:[0m
       [31m  undefined local variable or method `login_url' for an instance of SessionsController[0m
       [36m# ./app/controllers/concerns/authentication.rb:34:in `request_authentication'[0m
       [36m# ./app/controllers/concerns/authentication.rb:21:in `require_authentication'[0m
       [36m# ./spec/system/03_finishing_touches_spec.rb:39:in `block (3 levels) in <main>'[0m

  111) [STEP3] 仕上げのテスト サクセスメッセージのテスト 投稿データの新規投稿成功時: 投稿一覧画面から行います。
       [31mFailure/Error: redirect_to login_url[0m
       [31m[0m
       [31mNameError:[0m
       [31m  undefined local variable or method `login_url' for an instance of SessionsController[0m
       [36m# ./app/controllers/concerns/authentication.rb:34:in `request_authentication'[0m
       [36m# ./app/controllers/concerns/authentication.rb:21:in `require_authentication'[0m
       [36m# ./spec/system/03_finishing_touches_spec.rb:48:in `block (3 levels) in <main>'[0m

  112) [STEP3] 仕上げのテスト サクセスメッセージのテスト 投稿データの更新成功時
       [31mFailure/Error: redirect_to login_url[0m
       [31m[0m
       [31mNameError:[0m
       [31m  undefined local variable or method `login_url' for an instance of SessionsController[0m
       [36m# ./app/controllers/concerns/authentication.rb:34:in `request_authentication'[0m
       [36m# ./app/controllers/concerns/authentication.rb:21:in `require_authentication'[0m
       [36m# ./spec/system/03_finishing_touches_spec.rb:59:in `block (3 levels) in <main>'[0m

  113) [STEP3] 仕上げのテスト 処理失敗時のテスト ユーザ新規登録失敗: nameを1文字にする 新規登録されない
       [31mFailure/Error: <%= link_to 'Log in', login_path, class: "link-offset-0 link-offset-0-hover link-underline link-underline-opacity-0 link-underline-opacity-75-hover" %>[0m
       [31m[0m
       [31mActionView::Template::Error:[0m
       [31m  undefined local variable or method `login_path' for an instance of #<Class:0x00007656bb63f8c0>[0m
       [36m# ./app/views/users/new.html.erb:41:in `_app_views_users_new_html_erb___3572316515646385405_32180'[0m
       [36m# ./spec/system/03_finishing_touches_spec.rb:72:in `block (4 levels) in <main>'[0m
       [36m# ------------------[0m
       [36m# --- Caused by: ---[0m
       [36m# NameError:[0m
       [36m#   undefined local variable or method `login_path' for an instance of #<Class:0x00007656bb63f8c0>[0m
       [36m#   ./app/views/users/new.html.erb:41:in `_app_views_users_new_html_erb___3572316515646385405_32180'[0m

  114) [STEP3] 仕上げのテスト 処理失敗時のテスト ユーザ新規登録失敗: nameを1文字にする 新規登録画面を表示しており、フォームの内容が正しい
       [31mFailure/Error: <%= link_to 'Log in', login_path, class: "link-offset-0 link-offset-0-hover link-underline link-underline-opacity-0 link-underline-opacity-75-hover" %>[0m
       [31m[0m
       [31mActionView::Template::Error:[0m
       [31m  undefined local variable or method `login_path' for an instance of #<Class:0x00007656bb63f8c0>[0m
       [36m# ./app/views/users/new.html.erb:41:in `_app_views_users_new_html_erb___3572316515646385405_32180'[0m
       [36m# ./spec/system/03_finishing_touches_spec.rb:72:in `block (4 levels) in <main>'[0m
       [36m# ------------------[0m
       [36m# --- Caused by: ---[0m
       [36m# NameError:[0m
       [36m#   undefined local variable or method `login_path' for an instance of #<Class:0x00007656bb63f8c0>[0m
       [36m#   ./app/views/users/new.html.erb:41:in `_app_views_users_new_html_erb___3572316515646385405_32180'[0m

  115) [STEP3] 仕上げのテスト 処理失敗時のテスト ユーザ新規登録失敗: nameを1文字にする バリデーションエラーが表示される
       [31mFailure/Error: <%= link_to 'Log in', login_path, class: "link-offset-0 link-offset-0-hover link-underline link-underline-opacity-0 link-underline-opacity-75-hover" %>[0m
       [31m[0m
       [31mActionView::Template::Error:[0m
       [31m  undefined local variable or method `login_path' for an instance of #<Class:0x00007656bb63f8c0>[0m
       [36m# ./app/views/users/new.html.erb:41:in `_app_views_users_new_html_erb___3572316515646385405_32180'[0m
       [36m# ./spec/system/03_finishing_touches_spec.rb:72:in `block (4 levels) in <main>'[0m
       [36m# ------------------[0m
       [36m# --- Caused by: ---[0m
       [36m# NameError:[0m
       [36m#   undefined local variable or method `login_path' for an instance of #<Class:0x00007656bb63f8c0>[0m
       [36m#   ./app/views/users/new.html.erb:41:in `_app_views_users_new_html_erb___3572316515646385405_32180'[0m

  116) [STEP3] 仕上げのテスト 処理失敗時のテスト ユーザのプロフィール情報編集失敗: nameを1文字にする 更新されない
       [31mFailure/Error: redirect_to login_url[0m
       [31m[0m
       [31mNameError:[0m
       [31m  undefined local variable or method `login_url' for an instance of SessionsController[0m
       [36m# ./app/controllers/concerns/authentication.rb:34:in `request_authentication'[0m
       [36m# ./app/controllers/concerns/authentication.rb:21:in `require_authentication'[0m
       [36m# ./spec/system/03_finishing_touches_spec.rb:100:in `block (4 levels) in <main>'[0m

  117) [STEP3] 仕上げのテスト 処理失敗時のテスト ユーザのプロフィール情報編集失敗: nameを1文字にする ユーザ編集画面を表示しており、フォームの内容が正しい
       [31mFailure/Error: redirect_to login_url[0m
       [31m[0m
       [31mNameError:[0m
       [31m  undefined local variable or method `login_url' for an instance of SessionsController[0m
       [36m# ./app/controllers/concerns/authentication.rb:34:in `request_authentication'[0m
       [36m# ./app/controllers/concerns/authentication.rb:21:in `require_authentication'[0m
       [36m# ./spec/system/03_finishing_touches_spec.rb:100:in `block (4 levels) in <main>'[0m

  118) [STEP3] 仕上げのテスト 処理失敗時のテスト ユーザのプロフィール情報編集失敗: nameを1文字にする バリデーションエラーが表示される
       [31mFailure/Error: redirect_to login_url[0m
       [31m[0m
       [31mNameError:[0m
       [31m  undefined local variable or method `login_url' for an instance of SessionsController[0m
       [36m# ./app/controllers/concerns/authentication.rb:34:in `request_authentication'[0m
       [36m# ./app/controllers/concerns/authentication.rb:21:in `require_authentication'[0m
       [36m# ./spec/system/03_finishing_touches_spec.rb:100:in `block (4 levels) in <main>'[0m

  119) [STEP3] 仕上げのテスト 処理失敗時のテスト 投稿データの新規投稿失敗: 投稿一覧画面から行い、titleを空にする 投稿が保存されない
       [31mFailure/Error: redirect_to login_url[0m
       [31m[0m
       [31mNameError:[0m
       [31m  undefined local variable or method `login_url' for an instance of SessionsController[0m
       [36m# ./app/controllers/concerns/authentication.rb:34:in `request_authentication'[0m
       [36m# ./app/controllers/concerns/authentication.rb:21:in `require_authentication'[0m
       [36m# ./spec/system/03_finishing_touches_spec.rb:122:in `block (4 levels) in <main>'[0m

  120) [STEP3] 仕上げのテスト 処理失敗時のテスト 投稿データの新規投稿失敗: 投稿一覧画面から行い、titleを空にする 投稿一覧画面を表示している
       [31mFailure/Error: redirect_to login_url[0m
       [31m[0m
       [31mNameError:[0m
       [31m  undefined local variable or method `login_url' for an instance of SessionsController[0m
       [36m# ./app/controllers/concerns/authentication.rb:34:in `request_authentication'[0m
       [36m# ./app/controllers/concerns/authentication.rb:21:in `require_authentication'[0m
       [36m# ./spec/system/03_finishing_touches_spec.rb:122:in `block (4 levels) in <main>'[0m

  121) [STEP3] 仕上げのテスト 処理失敗時のテスト 投稿データの新規投稿失敗: 投稿一覧画面から行い、titleを空にする 新規投稿フォームの内容が正しい
       [31mFailure/Error: redirect_to login_url[0m
       [31m[0m
       [31mNameError:[0m
       [31m  undefined local variable or method `login_url' for an instance of SessionsController[0m
       [36m# ./app/controllers/concerns/authentication.rb:34:in `request_authentication'[0m
       [36m# ./app/controllers/concerns/authentication.rb:21:in `require_authentication'[0m
       [36m# ./spec/system/03_finishing_touches_spec.rb:122:in `block (4 levels) in <main>'[0m

  122) [STEP3] 仕上げのテスト 処理失敗時のテスト 投稿データの新規投稿失敗: 投稿一覧画面から行い、titleを空にする バリデーションエラーが表示される
       [31mFailure/Error: redirect_to login_url[0m
       [31m[0m
       [31mNameError:[0m
       [31m  undefined local variable or method `login_url' for an instance of SessionsController[0m
       [36m# ./app/controllers/concerns/authentication.rb:34:in `request_authentication'[0m
       [36m# ./app/controllers/concerns/authentication.rb:21:in `require_authentication'[0m
       [36m# ./spec/system/03_finishing_touches_spec.rb:122:in `block (4 levels) in <main>'[0m

  123) [STEP3] 仕上げのテスト 処理失敗時のテスト 投稿データの更新失敗: titleを空にする 投稿が更新されない
       [31mFailure/Error: redirect_to login_url[0m
       [31m[0m
       [31mNameError:[0m
       [31m  undefined local variable or method `login_url' for an instance of SessionsController[0m
       [36m# ./app/controllers/concerns/authentication.rb:34:in `request_authentication'[0m
       [36m# ./app/controllers/concerns/authentication.rb:21:in `require_authentication'[0m
       [36m# ./spec/system/03_finishing_touches_spec.rb:152:in `block (4 levels) in <main>'[0m

  124) [STEP3] 仕上げのテスト 処理失敗時のテスト 投稿データの更新失敗: titleを空にする 投稿編集画面を表示しており、フォームの内容が正しい
       [31mFailure/Error: redirect_to login_url[0m
       [31m[0m
       [31mNameError:[0m
       [31m  undefined local variable or method `login_url' for an instance of SessionsController[0m
       [36m# ./app/controllers/concerns/authentication.rb:34:in `request_authentication'[0m
       [36m# ./app/controllers/concerns/authentication.rb:21:in `require_authentication'[0m
       [36m# ./spec/system/03_finishing_touches_spec.rb:152:in `block (4 levels) in <main>'[0m

  125) [STEP3] 仕上げのテスト 処理失敗時のテスト 投稿データの更新失敗: titleを空にする エラーメッセージが表示される
       [31mFailure/Error: redirect_to login_url[0m
       [31m[0m
       [31mNameError:[0m
       [31m  undefined local variable or method `login_url' for an instance of SessionsController[0m
       [36m# ./app/controllers/concerns/authentication.rb:34:in `request_authentication'[0m
       [36m# ./app/controllers/concerns/authentication.rb:21:in `require_authentication'[0m
       [36m# ./spec/system/03_finishing_touches_spec.rb:152:in `block (4 levels) in <main>'[0m

  126) [STEP3] 仕上げのテスト ログインしていない場合のアクセス制限のテスト: アクセスできず、ログイン画面に遷移する ユーザ一覧画面
       [31mFailure/Error: redirect_to login_url[0m
       [31m[0m
       [31mNameError:[0m
       [31m  undefined local variable or method `login_url' for an instance of UsersController[0m
       [36m# ./app/controllers/concerns/authentication.rb:34:in `request_authentication'[0m
       [36m# ./app/controllers/concerns/authentication.rb:21:in `require_authentication'[0m
       [36m# ./spec/system/03_finishing_touches_spec.rb:180:in `block (3 levels) in <main>'[0m

  127) [STEP3] 仕上げのテスト ログインしていない場合のアクセス制限のテスト: アクセスできず、ログイン画面に遷移する ユーザ詳細画面
       [31mFailure/Error: redirect_to login_url[0m
       [31m[0m
       [31mNameError:[0m
       [31m  undefined local variable or method `login_url' for an instance of UsersController[0m
       [36m# ./app/controllers/concerns/authentication.rb:34:in `request_authentication'[0m
       [36m# ./app/controllers/concerns/authentication.rb:21:in `require_authentication'[0m
       [36m# ./spec/system/03_finishing_touches_spec.rb:184:in `block (3 levels) in <main>'[0m

  128) [STEP3] 仕上げのテスト ログインしていない場合のアクセス制限のテスト: アクセスできず、ログイン画面に遷移する ユーザ情報編集画面
       [31mFailure/Error: redirect_to login_url[0m
       [31m[0m
       [31mNameError:[0m
       [31m  undefined local variable or method `login_url' for an instance of UsersController[0m
       [36m# ./app/controllers/concerns/authentication.rb:34:in `request_authentication'[0m
       [36m# ./app/controllers/concerns/authentication.rb:21:in `require_authentication'[0m
       [36m# ./spec/system/03_finishing_touches_spec.rb:188:in `block (3 levels) in <main>'[0m

  129) [STEP3] 仕上げのテスト ログインしていない場合のアクセス制限のテスト: アクセスできず、ログイン画面に遷移する 投稿一覧画面
       [31mFailure/Error: redirect_to login_url[0m
       [31m[0m
       [31mNameError:[0m
       [31m  undefined local variable or method `login_url' for an instance of BooksController[0m
       [36m# ./app/controllers/concerns/authentication.rb:34:in `request_authentication'[0m
       [36m# ./app/controllers/concerns/authentication.rb:21:in `require_authentication'[0m
       [36m# ./spec/system/03_finishing_touches_spec.rb:192:in `block (3 levels) in <main>'[0m

  130) [STEP3] 仕上げのテスト ログインしていない場合のアクセス制限のテスト: アクセスできず、ログイン画面に遷移する 投稿詳細画面
       [31mFailure/Error: redirect_to login_url[0m
       [31m[0m
       [31mNameError:[0m
       [31m  undefined local variable or method `login_url' for an instance of BooksController[0m
       [36m# ./app/controllers/concerns/authentication.rb:34:in `request_authentication'[0m
       [36m# ./app/controllers/concerns/authentication.rb:21:in `require_authentication'[0m
       [36m# ./spec/system/03_finishing_touches_spec.rb:196:in `block (3 levels) in <main>'[0m

  131) [STEP3] 仕上げのテスト ログインしていない場合のアクセス制限のテスト: アクセスできず、ログイン画面に遷移する 投稿編集画面
       [31mFailure/Error: redirect_to login_url[0m
       [31m[0m
       [31mNameError:[0m
       [31m  undefined local variable or method `login_url' for an instance of BooksController[0m
       [36m# ./app/controllers/concerns/authentication.rb:34:in `request_authentication'[0m
       [36m# ./app/controllers/concerns/authentication.rb:21:in `require_authentication'[0m
       [36m# ./spec/system/03_finishing_touches_spec.rb:200:in `block (3 levels) in <main>'[0m

  132) [STEP3] 仕上げのテスト 他人の画面のテスト 他人の投稿詳細画面のテスト 表示内容の確認 URLが正しい
       [31mFailure/Error: redirect_to login_url[0m
       [31m[0m
       [31mNameError:[0m
       [31m  undefined local variable or method `login_url' for an instance of SessionsController[0m
       [36m# ./app/controllers/concerns/authentication.rb:34:in `request_authentication'[0m
       [36m# ./app/controllers/concerns/authentication.rb:21:in `require_authentication'[0m
       [36m# ./spec/system/03_finishing_touches_spec.rb:207:in `block (3 levels) in <main>'[0m

  133) [STEP3] 仕上げのテスト 他人の画面のテスト 他人の投稿詳細画面のテスト 表示内容の確認 「Book detail」と表示される
       [31mFailure/Error: redirect_to login_url[0m
       [31m[0m
       [31mNameError:[0m
       [31m  undefined local variable or method `login_url' for an instance of SessionsController[0m
       [36m# ./app/controllers/concerns/authentication.rb:34:in `request_authentication'[0m
       [36m# ./app/controllers/concerns/authentication.rb:21:in `require_authentication'[0m
       [36m# ./spec/system/03_finishing_touches_spec.rb:207:in `block (3 levels) in <main>'[0m

  134) [STEP3] 仕上げのテスト 他人の画面のテスト 他人の投稿詳細画面のテスト 表示内容の確認 ユーザ画像・名前のリンク先が正しい
       [31mFailure/Error: redirect_to login_url[0m
       [31m[0m
       [31mNameError:[0m
       [31m  undefined local variable or method `login_url' for an instance of SessionsController[0m
       [36m# ./app/controllers/concerns/authentication.rb:34:in `request_authentication'[0m
       [36m# ./app/controllers/concerns/authentication.rb:21:in `require_authentication'[0m
       [36m# ./spec/system/03_finishing_touches_spec.rb:207:in `block (3 levels) in <main>'[0m

  135) [STEP3] 仕上げのテスト 他人の画面のテスト 他人の投稿詳細画面のテスト 表示内容の確認 投稿のtitleが表示される
       [31mFailure/Error: redirect_to login_url[0m
       [31m[0m
       [31mNameError:[0m
       [31m  undefined local variable or method `login_url' for an instance of SessionsController[0m
       [36m# ./app/controllers/concerns/authentication.rb:34:in `request_authentication'[0m
       [36m# ./app/controllers/concerns/authentication.rb:21:in `require_authentication'[0m
       [36m# ./spec/system/03_finishing_touches_spec.rb:207:in `block (3 levels) in <main>'[0m

  136) [STEP3] 仕上げのテスト 他人の画面のテスト 他人の投稿詳細画面のテスト 表示内容の確認 投稿のopinionが表示される
       [31mFailure/Error: redirect_to login_url[0m
       [31m[0m
       [31mNameError:[0m
       [31m  undefined local variable or method `login_url' for an instance of SessionsController[0m
       [36m# ./app/controllers/concerns/authentication.rb:34:in `request_authentication'[0m
       [36m# ./app/controllers/concerns/authentication.rb:21:in `require_authentication'[0m
       [36m# ./spec/system/03_finishing_touches_spec.rb:207:in `block (3 levels) in <main>'[0m

  137) [STEP3] 仕上げのテスト 他人の画面のテスト 他人の投稿詳細画面のテスト 表示内容の確認 投稿の編集リンクが表示されない
       [31mFailure/Error: redirect_to login_url[0m
       [31m[0m
       [31mNameError:[0m
       [31m  undefined local variable or method `login_url' for an instance of SessionsController[0m
       [36m# ./app/controllers/concerns/authentication.rb:34:in `request_authentication'[0m
       [36m# ./app/controllers/concerns/authentication.rb:21:in `require_authentication'[0m
       [36m# ./spec/system/03_finishing_touches_spec.rb:207:in `block (3 levels) in <main>'[0m

  138) [STEP3] 仕上げのテスト 他人の画面のテスト 他人の投稿詳細画面のテスト 表示内容の確認 投稿の削除リンクが表示されない
       [31mFailure/Error: redirect_to login_url[0m
       [31m[0m
       [31mNameError:[0m
       [31m  undefined local variable or method `login_url' for an instance of SessionsController[0m
       [36m# ./app/controllers/concerns/authentication.rb:34:in `request_authentication'[0m
       [36m# ./app/controllers/concerns/authentication.rb:21:in `require_authentication'[0m
       [36m# ./spec/system/03_finishing_touches_spec.rb:207:in `block (3 levels) in <main>'[0m

  139) [STEP3] 仕上げのテスト 他人の画面のテスト 他人の投稿詳細画面のテスト サイドバーの確認 他人の名前と紹介文が表示される
       [31mFailure/Error: redirect_to login_url[0m
       [31m[0m
       [31mNameError:[0m
       [31m  undefined local variable or method `login_url' for an instance of SessionsController[0m
       [36m# ./app/controllers/concerns/authentication.rb:34:in `request_authentication'[0m
       [36m# ./app/controllers/concerns/authentication.rb:21:in `require_authentication'[0m
       [36m# ./spec/system/03_finishing_touches_spec.rb:207:in `block (3 levels) in <main>'[0m

  140) [STEP3] 仕上げのテスト 他人の画面のテスト 他人の投稿詳細画面のテスト サイドバーの確認 他人のユーザ編集画面へのリンクが存在する
       [31mFailure/Error: redirect_to login_url[0m
       [31m[0m
       [31mNameError:[0m
       [31m  undefined local variable or method `login_url' for an instance of SessionsController[0m
       [36m# ./app/controllers/concerns/authentication.rb:34:in `request_authentication'[0m
       [36m# ./app/controllers/concerns/authentication.rb:21:in `require_authentication'[0m
       [36m# ./spec/system/03_finishing_touches_spec.rb:207:in `block (3 levels) in <main>'[0m

  141) [STEP3] 仕上げのテスト 他人の画面のテスト 他人の投稿詳細画面のテスト サイドバーの確認 自分の名前と紹介文は表示されない
       [31mFailure/Error: redirect_to login_url[0m
       [31m[0m
       [31mNameError:[0m
       [31m  undefined local variable or method `login_url' for an instance of SessionsController[0m
       [36m# ./app/controllers/concerns/authentication.rb:34:in `request_authentication'[0m
       [36m# ./app/controllers/concerns/authentication.rb:21:in `require_authentication'[0m
       [36m# ./spec/system/03_finishing_touches_spec.rb:207:in `block (3 levels) in <main>'[0m

  142) [STEP3] 仕上げのテスト 他人の画面のテスト 他人の投稿詳細画面のテスト サイドバーの確認 自分のユーザ編集画面へのリンクは存在しない
       [31mFailure/Error: redirect_to login_url[0m
       [31m[0m
       [31mNameError:[0m
       [31m  undefined local variable or method `login_url' for an instance of SessionsController[0m
       [36m# ./app/controllers/concerns/authentication.rb:34:in `request_authentication'[0m
       [36m# ./app/controllers/concerns/authentication.rb:21:in `require_authentication'[0m
       [36m# ./spec/system/03_finishing_touches_spec.rb:207:in `block (3 levels) in <main>'[0m

  143) [STEP3] 仕上げのテスト 他人の画面のテスト 他人の投稿編集画面 遷移できず、投稿一覧画面にリダイレクトされる
       [31mFailure/Error: redirect_to login_url[0m
       [31m[0m
       [31mNameError:[0m
       [31m  undefined local variable or method `login_url' for an instance of SessionsController[0m
       [36m# ./app/controllers/concerns/authentication.rb:34:in `request_authentication'[0m
       [36m# ./app/controllers/concerns/authentication.rb:21:in `require_authentication'[0m
       [36m# ./spec/system/03_finishing_touches_spec.rb:207:in `block (3 levels) in <main>'[0m

  144) [STEP3] 仕上げのテスト 他人の画面のテスト 他人のユーザ詳細画面のテスト 表示の確認 URLが正しい
       [31mFailure/Error: redirect_to login_url[0m
       [31m[0m
       [31mNameError:[0m
       [31m  undefined local variable or method `login_url' for an instance of SessionsController[0m
       [36m# ./app/controllers/concerns/authentication.rb:34:in `request_authentication'[0m
       [36m# ./app/controllers/concerns/authentication.rb:21:in `require_authentication'[0m
       [36m# ./spec/system/03_finishing_touches_spec.rb:207:in `block (3 levels) in <main>'[0m

  145) [STEP3] 仕上げのテスト 他人の画面のテスト 他人のユーザ詳細画面のテスト 表示の確認 投稿一覧のユーザ画像のリンク先が正しい
       [31mFailure/Error: redirect_to login_url[0m
       [31m[0m
       [31mNameError:[0m
       [31m  undefined local variable or method `login_url' for an instance of SessionsController[0m
       [36m# ./app/controllers/concerns/authentication.rb:34:in `request_authentication'[0m
       [36m# ./app/controllers/concerns/authentication.rb:21:in `require_authentication'[0m
       [36m# ./spec/system/03_finishing_touches_spec.rb:207:in `block (3 levels) in <main>'[0m

  146) [STEP3] 仕上げのテスト 他人の画面のテスト 他人のユーザ詳細画面のテスト 表示の確認 投稿一覧に他人の投稿のtitleが表示され、リンクが正しい
       [31mFailure/Error: redirect_to login_url[0m
       [31m[0m
       [31mNameError:[0m
       [31m  undefined local variable or method `login_url' for an instance of SessionsController[0m
       [36m# ./app/controllers/concerns/authentication.rb:34:in `request_authentication'[0m
       [36m# ./app/controllers/concerns/authentication.rb:21:in `require_authentication'[0m
       [36m# ./spec/system/03_finishing_touches_spec.rb:207:in `block (3 levels) in <main>'[0m

  147) [STEP3] 仕上げのテスト 他人の画面のテスト 他人のユーザ詳細画面のテスト 表示の確認 投稿一覧に他人の投稿のopinionが表示される
       [31mFailure/Error: redirect_to login_url[0m
       [31m[0m
       [31mNameError:[0m
       [31m  undefined local variable or method `login_url' for an instance of SessionsController[0m
       [36m# ./app/controllers/concerns/authentication.rb:34:in `request_authentication'[0m
       [36m# ./app/controllers/concerns/authentication.rb:21:in `require_authentication'[0m
       [36m# ./spec/system/03_finishing_touches_spec.rb:207:in `block (3 levels) in <main>'[0m

  148) [STEP3] 仕上げのテスト 他人の画面のテスト 他人のユーザ詳細画面のテスト 表示の確認 自分の投稿は表示されない
       [31mFailure/Error: redirect_to login_url[0m
       [31m[0m
       [31mNameError:[0m
       [31m  undefined local variable or method `login_url' for an instance of SessionsController[0m
       [36m# ./app/controllers/concerns/authentication.rb:34:in `request_authentication'[0m
       [36m# ./app/controllers/concerns/authentication.rb:21:in `require_authentication'[0m
       [36m# ./spec/system/03_finishing_touches_spec.rb:207:in `block (3 levels) in <main>'[0m

  149) [STEP3] 仕上げのテスト 他人の画面のテスト 他人のユーザ詳細画面のテスト サイドバーの確認 他人の名前と紹介文が表示される
       [31mFailure/Error: redirect_to login_url[0m
       [31m[0m
       [31mNameError:[0m
       [31m  undefined local variable or method `login_url' for an instance of SessionsController[0m
       [36m# ./app/controllers/concerns/authentication.rb:34:in `request_authentication'[0m
       [36m# ./app/controllers/concerns/authentication.rb:21:in `require_authentication'[0m
       [36m# ./spec/system/03_finishing_touches_spec.rb:207:in `block (3 levels) in <main>'[0m

  150) [STEP3] 仕上げのテスト 他人の画面のテスト 他人のユーザ詳細画面のテスト サイドバーの確認 他人のユーザ編集画面へのリンクが存在する
       [31mFailure/Error: redirect_to login_url[0m
       [31m[0m
       [31mNameError:[0m
       [31m  undefined local variable or method `login_url' for an instance of SessionsController[0m
       [36m# ./app/controllers/concerns/authentication.rb:34:in `request_authentication'[0m
       [36m# ./app/controllers/concerns/authentication.rb:21:in `require_authentication'[0m
       [36m# ./spec/system/03_finishing_touches_spec.rb:207:in `block (3 levels) in <main>'[0m

  151) [STEP3] 仕上げのテスト 他人の画面のテスト 他人のユーザ詳細画面のテスト サイドバーの確認 自分の名前と紹介文は表示されない
       [31mFailure/Error: redirect_to login_url[0m
       [31m[0m
       [31mNameError:[0m
       [31m  undefined local variable or method `login_url' for an instance of SessionsController[0m
       [36m# ./app/controllers/concerns/authentication.rb:34:in `request_authentication'[0m
       [36m# ./app/controllers/concerns/authentication.rb:21:in `require_authentication'[0m
       [36m# ./spec/system/03_finishing_touches_spec.rb:207:in `block (3 levels) in <main>'[0m

  152) [STEP3] 仕上げのテスト 他人の画面のテスト 他人のユーザ詳細画面のテスト サイドバーの確認 自分のユーザ編集画面へのリンクは存在しない
       [31mFailure/Error: redirect_to login_url[0m
       [31m[0m
       [31mNameError:[0m
       [31m  undefined local variable or method `login_url' for an instance of SessionsController[0m
       [36m# ./app/controllers/concerns/authentication.rb:34:in `request_authentication'[0m
       [36m# ./app/controllers/concerns/authentication.rb:21:in `require_authentication'[0m
       [36m# ./spec/system/03_finishing_touches_spec.rb:207:in `block (3 levels) in <main>'[0m

  153) [STEP3] 仕上げのテスト 他人の画面のテスト 他人のユーザ情報編集画面 遷移できず、自分のユーザ詳細画面にリダイレクトされる
       [31mFailure/Error: redirect_to login_url[0m
       [31m[0m
       [31mNameError:[0m
       [31m  undefined local variable or method `login_url' for an instance of SessionsController[0m
       [36m# ./app/controllers/concerns/authentication.rb:34:in `request_authentication'[0m
       [36m# ./app/controllers/concerns/authentication.rb:21:in `require_authentication'[0m
       [36m# ./spec/system/03_finishing_touches_spec.rb:207:in `block (3 levels) in <main>'[0m

  154) [STEP3] 仕上げのテスト グリッドシステムのテスト: container, row, col-md-〇を正しく使えている ユーザ一覧画面
       [31mFailure/Error: redirect_to login_url[0m
       [31m[0m
       [31mNameError:[0m
       [31m  undefined local variable or method `login_url' for an instance of SessionsController[0m
       [36m# ./app/controllers/concerns/authentication.rb:34:in `request_authentication'[0m
       [36m# ./app/controllers/concerns/authentication.rb:21:in `require_authentication'[0m
       [36m# ./spec/system/03_finishing_touches_spec.rb:326:in `block (3 levels) in <main>'[0m

  155) [STEP3] 仕上げのテスト グリッドシステムのテスト: container, row, col-md-〇を正しく使えている ユーザ詳細画面
       [31mFailure/Error: redirect_to login_url[0m
       [31m[0m
       [31mNameError:[0m
       [31m  undefined local variable or method `login_url' for an instance of SessionsController[0m
       [36m# ./app/controllers/concerns/authentication.rb:34:in `request_authentication'[0m
       [36m# ./app/controllers/concerns/authentication.rb:21:in `require_authentication'[0m
       [36m# ./spec/system/03_finishing_touches_spec.rb:326:in `block (3 levels) in <main>'[0m

  156) [STEP3] 仕上げのテスト グリッドシステムのテスト: container, row, col-md-〇を正しく使えている 投稿一覧画面
       [31mFailure/Error: redirect_to login_url[0m
       [31m[0m
       [31mNameError:[0m
       [31m  undefined local variable or method `login_url' for an instance of SessionsController[0m
       [36m# ./app/controllers/concerns/authentication.rb:34:in `request_authentication'[0m
       [36m# ./app/controllers/concerns/authentication.rb:21:in `require_authentication'[0m
       [36m# ./spec/system/03_finishing_touches_spec.rb:326:in `block (3 levels) in <main>'[0m

  157) [STEP3] 仕上げのテスト グリッドシステムのテスト: container, row, col-md-〇を正しく使えている 投稿詳細画面
       [31mFailure/Error: redirect_to login_url[0m
       [31m[0m
       [31mNameError:[0m
       [31m  undefined local variable or method `login_url' for an instance of SessionsController[0m
       [36m# ./app/controllers/concerns/authentication.rb:34:in `request_authentication'[0m
       [36m# ./app/controllers/concerns/authentication.rb:21:in `require_authentication'[0m
       [36m# ./spec/system/03_finishing_touches_spec.rb:326:in `block (3 levels) in <main>'[0m

  158) [STEP3] 仕上げのテスト アイコンのテスト ヘッダー: ログインしている場合 Homeリンクのアイコンが表示される
       [31mFailure/Error: redirect_to login_url[0m
       [31m[0m
       [31mNameError:[0m
       [31m  undefined local variable or method `login_url' for an instance of SessionsController[0m
       [36m# ./app/controllers/concerns/authentication.rb:34:in `request_authentication'[0m
       [36m# ./app/controllers/concerns/authentication.rb:21:in `require_authentication'[0m
       [36m# ./spec/system/03_finishing_touches_spec.rb:404:in `block (4 levels) in <main>'[0m

  159) [STEP3] 仕上げのテスト アイコンのテスト ヘッダー: ログインしている場合 Usersリンクのアイコンが表示される
       [31mFailure/Error: redirect_to login_url[0m
       [31m[0m
       [31mNameError:[0m
       [31m  undefined local variable or method `login_url' for an instance of SessionsController[0m
       [36m# ./app/controllers/concerns/authentication.rb:34:in `request_authentication'[0m
       [36m# ./app/controllers/concerns/authentication.rb:21:in `require_authentication'[0m
       [36m# ./spec/system/03_finishing_touches_spec.rb:404:in `block (4 levels) in <main>'[0m

  160) [STEP3] 仕上げのテスト アイコンのテスト ヘッダー: ログインしている場合 Booksリンクのアイコンが表示される
       [31mFailure/Error: redirect_to login_url[0m
       [31m[0m
       [31mNameError:[0m
       [31m  undefined local variable or method `login_url' for an instance of SessionsController[0m
       [36m# ./app/controllers/concerns/authentication.rb:34:in `request_authentication'[0m
       [36m# ./app/controllers/concerns/authentication.rb:21:in `require_authentication'[0m
       [36m# ./spec/system/03_finishing_touches_spec.rb:404:in `block (4 levels) in <main>'[0m

  161) [STEP3] 仕上げのテスト アイコンのテスト ヘッダー: ログインしている場合 Log outリンクのアイコンが表示される
       [31mFailure/Error: redirect_to login_url[0m
       [31m[0m
       [31mNameError:[0m
       [31m  undefined local variable or method `login_url' for an instance of SessionsController[0m
       [36m# ./app/controllers/concerns/authentication.rb:34:in `request_authentication'[0m
       [36m# ./app/controllers/concerns/authentication.rb:21:in `require_authentication'[0m
       [36m# ./spec/system/03_finishing_touches_spec.rb:404:in `block (4 levels) in <main>'[0m

  162) [STEP3] 仕上げのテスト アイコンのテスト サイドバー ユーザ一覧画面でレンチアイコンが表示される
       [31mFailure/Error: redirect_to login_url[0m
       [31m[0m
       [31mNameError:[0m
       [31m  undefined local variable or method `login_url' for an instance of SessionsController[0m
       [36m# ./app/controllers/concerns/authentication.rb:34:in `request_authentication'[0m
       [36m# ./app/controllers/concerns/authentication.rb:21:in `require_authentication'[0m
       [36m# ./spec/system/03_finishing_touches_spec.rb:428:in `block (4 levels) in <main>'[0m

  163) [STEP3] 仕上げのテスト アイコンのテスト サイドバー ユーザ詳細画面でレンチアイコンが表示される
       [31mFailure/Error: redirect_to login_url[0m
       [31m[0m
       [31mNameError:[0m
       [31m  undefined local variable or method `login_url' for an instance of SessionsController[0m
       [36m# ./app/controllers/concerns/authentication.rb:34:in `request_authentication'[0m
       [36m# ./app/controllers/concerns/authentication.rb:21:in `require_authentication'[0m
       [36m# ./spec/system/03_finishing_touches_spec.rb:428:in `block (4 levels) in <main>'[0m

  164) [STEP3] 仕上げのテスト アイコンのテスト サイドバー 投稿一覧画面でレンチアイコンが表示される
       [31mFailure/Error: redirect_to login_url[0m
       [31m[0m
       [31mNameError:[0m
       [31m  undefined local variable or method `login_url' for an instance of SessionsController[0m
       [36m# ./app/controllers/concerns/authentication.rb:34:in `request_authentication'[0m
       [36m# ./app/controllers/concerns/authentication.rb:21:in `require_authentication'[0m
       [36m# ./spec/system/03_finishing_touches_spec.rb:428:in `block (4 levels) in <main>'[0m

  165) [STEP3] 仕上げのテスト アイコンのテスト サイドバー 投稿詳細画面でレンチアイコンが表示される
       [31mFailure/Error: redirect_to login_url[0m
       [31m[0m
       [31mNameError:[0m
       [31m  undefined local variable or method `login_url' for an instance of SessionsController[0m
       [36m# ./app/controllers/concerns/authentication.rb:34:in `request_authentication'[0m
       [36m# ./app/controllers/concerns/authentication.rb:21:in `require_authentication'[0m
       [36m# ./spec/system/03_finishing_touches_spec.rb:428:in `block (4 levels) in <main>'[0m

Finished in 5.82 seconds (files took 2.24 seconds to load)
[31m201 examples, 165 failures[0m

Failed examples:

[31mrspec ./spec/system/01_before_login_spec.rb:95[0m [36m# [STEP1] ユーザログイン前のテスト ヘッダーのテスト: ログインしていない場合 リンクの内容を確認 Sign upを押すと、新規登録画面に遷移する[0m
[31mrspec ./spec/system/01_before_login_spec.rb:101[0m [36m# [STEP1] ユーザログイン前のテスト ヘッダーのテスト: ログインしていない場合 リンクの内容を確認 Log inを押すと、ログイン画面に遷移する[0m
[31mrspec ./spec/system/01_before_login_spec.rb:116[0m [36m# [STEP1] ユーザログイン前のテスト ユーザ新規登録のテスト 表示内容の確認 URLが正しい[0m
[31mrspec ./spec/system/01_before_login_spec.rb:119[0m [36m# [STEP1] ユーザログイン前のテスト ユーザ新規登録のテスト 表示内容の確認 「Sign up」と表示される[0m
[31mrspec ./spec/system/01_before_login_spec.rb:122[0m [36m# [STEP1] ユーザログイン前のテスト ユーザ新規登録のテスト 表示内容の確認 nameフォームが表示される[0m
[31mrspec ./spec/system/01_before_login_spec.rb:125[0m [36m# [STEP1] ユーザログイン前のテスト ユーザ新規登録のテスト 表示内容の確認 email_addressフォームが表示される[0m
[31mrspec ./spec/system/01_before_login_spec.rb:128[0m [36m# [STEP1] ユーザログイン前のテスト ユーザ新規登録のテスト 表示内容の確認 passwordフォームが表示される[0m
[31mrspec ./spec/system/01_before_login_spec.rb:131[0m [36m# [STEP1] ユーザログイン前のテスト ユーザ新規登録のテスト 表示内容の確認 password_confirmationフォームが表示される[0m
[31mrspec ./spec/system/01_before_login_spec.rb:134[0m [36m# [STEP1] ユーザログイン前のテスト ユーザ新規登録のテスト 表示内容の確認 Sign upボタンが表示される[0m
[31mrspec ./spec/system/01_before_login_spec.rb:147[0m [36m# [STEP1] ユーザログイン前のテスト ユーザ新規登録のテスト 新規登録成功のテスト 正しく新規登録される[0m
[31mrspec ./spec/system/01_before_login_spec.rb:150[0m [36m# [STEP1] ユーザログイン前のテスト ユーザ新規登録のテスト 新規登録成功のテスト 新規登録後のリダイレクト先が、新規登録できたユーザの詳細画面になっている[0m
[31mrspec ./spec/system/01_before_login_spec.rb:165[0m [36m# [STEP1] ユーザログイン前のテスト ユーザログイン 表示内容の確認 URLが正しい[0m
[31mrspec ./spec/system/01_before_login_spec.rb:168[0m [36m# [STEP1] ユーザログイン前のテスト ユーザログイン 表示内容の確認 「Log in」と表示される[0m
[31mrspec ./spec/system/01_before_login_spec.rb:171[0m [36m# [STEP1] ユーザログイン前のテスト ユーザログイン 表示内容の確認 nameフォームが表示される[0m
[31mrspec ./spec/system/01_before_login_spec.rb:174[0m [36m# [STEP1] ユーザログイン前のテスト ユーザログイン 表示内容の確認 passwordフォームが表示される[0m
[31mrspec ./spec/system/01_before_login_spec.rb:177[0m [36m# [STEP1] ユーザログイン前のテスト ユーザログイン 表示内容の確認 Log inボタンが表示される[0m
[31mrspec ./spec/system/01_before_login_spec.rb:180[0m [36m# [STEP1] ユーザログイン前のテスト ユーザログイン 表示内容の確認 email_addressフォームは表示されない[0m
[31mrspec ./spec/system/01_before_login_spec.rb:192[0m [36m# [STEP1] ユーザログイン前のテスト ユーザログイン ログイン成功のテスト ログイン後のリダイレクト先が、ログインしたユーザの詳細画面になっている[0m
[31mrspec ./spec/system/01_before_login_spec.rb:204[0m [36m# [STEP1] ユーザログイン前のテスト ユーザログイン ログイン失敗のテスト ログインに失敗し、ログイン画面にリダイレクトされる[0m
[31mrspec ./spec/system/01_before_login_spec.rb:221[0m [36m# [STEP1] ユーザログイン前のテスト ヘッダーのテスト: ログインしている場合 ヘッダーの表示を確認 Bookersリンクが表示される: 左上から1番目のリンクが「Bookers」である[0m
[31mrspec ./spec/system/01_before_login_spec.rb:225[0m [36m# [STEP1] ユーザログイン前のテスト ヘッダーのテスト: ログインしている場合 ヘッダーの表示を確認 Homeリンクが表示される: 左上から2番目のリンクが「Home」である[0m
[31mrspec ./spec/system/01_before_login_spec.rb:229[0m [36m# [STEP1] ユーザログイン前のテスト ヘッダーのテスト: ログインしている場合 ヘッダーの表示を確認 Usersリンクが表示される: 左上から3番目のリンクが「Users」である[0m
[31mrspec ./spec/system/01_before_login_spec.rb:233[0m [36m# [STEP1] ユーザログイン前のテスト ヘッダーのテスト: ログインしている場合 ヘッダーの表示を確認 Booksリンクが表示される: 左上から4番目のリンクが「Books」である[0m
[31mrspec ./spec/system/01_before_login_spec.rb:237[0m [36m# [STEP1] ユーザログイン前のテスト ヘッダーのテスト: ログインしている場合 ヘッダーの表示を確認 Log outリンクが表示される: 左上から5番目のリンクが「Log out」である[0m
[31mrspec ./spec/system/01_before_login_spec.rb:258[0m [36m# [STEP1] ユーザログイン前のテスト ユーザログアウトのテスト ログアウト機能のテスト 正しくログアウトできている: ログアウト後のリダイレクト先においてAbout画面へのリンクが存在する[0m
[31mrspec ./spec/system/01_before_login_spec.rb:261[0m [36m# [STEP1] ユーザログイン前のテスト ユーザログアウトのテスト ログアウト機能のテスト ログアウト後のリダイレクト先が、トップになっている[0m
[31mrspec ./spec/system/02_after_login_spec.rb:20[0m [36m# [STEP2] ユーザログイン後のテスト ヘッダーのテスト: ログインしている場合 リンクの内容を確認: ※logoutは『ユーザログアウトのテスト』でテスト済みになります。 Homeを押すと、自分のユーザ詳細画面に遷移する[0m
[31mrspec ./spec/system/02_after_login_spec.rb:26[0m [36m# [STEP2] ユーザログイン後のテスト ヘッダーのテスト: ログインしている場合 リンクの内容を確認: ※logoutは『ユーザログアウトのテスト』でテスト済みになります。 Usersを押すと、ユーザ一覧画面に遷移する[0m
[31mrspec ./spec/system/02_after_login_spec.rb:32[0m [36m# [STEP2] ユーザログイン後のテスト ヘッダーのテスト: ログインしている場合 リンクの内容を確認: ※logoutは『ユーザログアウトのテスト』でテスト済みになります。 Booksを押すと、投稿一覧画面に遷移する[0m
[31mrspec ./spec/system/02_after_login_spec.rb:47[0m [36m# [STEP2] ユーザログイン後のテスト 投稿一覧画面のテスト 表示内容の確認 URLが正しい[0m
[31mrspec ./spec/system/02_after_login_spec.rb:50[0m [36m# [STEP2] ユーザログイン後のテスト 投稿一覧画面のテスト 表示内容の確認 自分と他人の画像のリンク先が正しい[0m
[31mrspec ./spec/system/02_after_login_spec.rb:54[0m [36m# [STEP2] ユーザログイン後のテスト 投稿一覧画面のテスト 表示内容の確認 自分の投稿と他人の投稿のタイトルのリンク先がそれぞれ正しい[0m
[31mrspec ./spec/system/02_after_login_spec.rb:58[0m [36m# [STEP2] ユーザログイン後のテスト 投稿一覧画面のテスト 表示内容の確認 自分の投稿と他人の投稿のオピニオンが表示される[0m
[31mrspec ./spec/system/02_after_login_spec.rb:65[0m [36m# [STEP2] ユーザログイン後のテスト 投稿一覧画面のテスト サイドバーの確認 自分の名前と紹介文が表示される[0m
[31mrspec ./spec/system/02_after_login_spec.rb:69[0m [36m# [STEP2] ユーザログイン後のテスト 投稿一覧画面のテスト サイドバーの確認 自分のユーザ編集画面へのリンクが存在する[0m
[31mrspec ./spec/system/02_after_login_spec.rb:72[0m [36m# [STEP2] ユーザログイン後のテスト 投稿一覧画面のテスト サイドバーの確認 「New book」と表示される[0m
[31mrspec ./spec/system/02_after_login_spec.rb:75[0m [36m# [STEP2] ユーザログイン後のテスト 投稿一覧画面のテスト サイドバーの確認 titleフォームが表示される[0m
[31mrspec ./spec/system/02_after_login_spec.rb:78[0m [36m# [STEP2] ユーザログイン後のテスト 投稿一覧画面のテスト サイドバーの確認 titleフォームに値が入っていない[0m
[31mrspec ./spec/system/02_after_login_spec.rb:81[0m [36m# [STEP2] ユーザログイン後のテスト 投稿一覧画面のテスト サイドバーの確認 bodyフォームが表示される[0m
[31mrspec ./spec/system/02_after_login_spec.rb:84[0m [36m# [STEP2] ユーザログイン後のテスト 投稿一覧画面のテスト サイドバーの確認 bodyフォームに値が入っていない[0m
[31mrspec ./spec/system/02_after_login_spec.rb:87[0m [36m# [STEP2] ユーザログイン後のテスト 投稿一覧画面のテスト サイドバーの確認 Create Bookボタンが表示される[0m
[31mrspec ./spec/system/02_after_login_spec.rb:98[0m [36m# [STEP2] ユーザログイン後のテスト 投稿一覧画面のテスト 投稿成功のテスト 自分の新しい投稿が正しく保存される[0m
[31mrspec ./spec/system/02_after_login_spec.rb:101[0m [36m# [STEP2] ユーザログイン後のテスト 投稿一覧画面のテスト 投稿成功のテスト リダイレクト先が、保存できた投稿の詳細画面になっている[0m
[31mrspec ./spec/system/02_after_login_spec.rb:114[0m [36m# [STEP2] ユーザログイン後のテスト 自分の投稿詳細画面のテスト 表示内容の確認 URLが正しい[0m
[31mrspec ./spec/system/02_after_login_spec.rb:117[0m [36m# [STEP2] ユーザログイン後のテスト 自分の投稿詳細画面のテスト 表示内容の確認 「Book detail」と表示される[0m
[31mrspec ./spec/system/02_after_login_spec.rb:120[0m [36m# [STEP2] ユーザログイン後のテスト 自分の投稿詳細画面のテスト 表示内容の確認 ユーザ画像・名前のリンク先が正しい[0m
[31mrspec ./spec/system/02_after_login_spec.rb:123[0m [36m# [STEP2] ユーザログイン後のテスト 自分の投稿詳細画面のテスト 表示内容の確認 投稿のtitleが表示される[0m
[31mrspec ./spec/system/02_after_login_spec.rb:126[0m [36m# [STEP2] ユーザログイン後のテスト 自分の投稿詳細画面のテスト 表示内容の確認 投稿のbodyが表示される[0m
[31mrspec ./spec/system/02_after_login_spec.rb:129[0m [36m# [STEP2] ユーザログイン後のテスト 自分の投稿詳細画面のテスト 表示内容の確認 投稿の編集リンクが表示される[0m
[31mrspec ./spec/system/02_after_login_spec.rb:132[0m [36m# [STEP2] ユーザログイン後のテスト 自分の投稿詳細画面のテスト 表示内容の確認 投稿の削除リンクが表示される[0m
[31mrspec ./spec/system/02_after_login_spec.rb:138[0m [36m# [STEP2] ユーザログイン後のテスト 自分の投稿詳細画面のテスト サイドバーの確認 自分の名前と紹介文が表示される[0m
[31mrspec ./spec/system/02_after_login_spec.rb:142[0m [36m# [STEP2] ユーザログイン後のテスト 自分の投稿詳細画面のテスト サイドバーの確認 自分のユーザ編集画面へのリンクが存在する[0m
[31mrspec ./spec/system/02_after_login_spec.rb:145[0m [36m# [STEP2] ユーザログイン後のテスト 自分の投稿詳細画面のテスト サイドバーの確認 「New book」と表示される[0m
[31mrspec ./spec/system/02_after_login_spec.rb:148[0m [36m# [STEP2] ユーザログイン後のテスト 自分の投稿詳細画面のテスト サイドバーの確認 titleフォームが表示される[0m
[31mrspec ./spec/system/02_after_login_spec.rb:151[0m [36m# [STEP2] ユーザログイン後のテスト 自分の投稿詳細画面のテスト サイドバーの確認 titleフォームに値が入っていない[0m
[31mrspec ./spec/system/02_after_login_spec.rb:154[0m [36m# [STEP2] ユーザログイン後のテスト 自分の投稿詳細画面のテスト サイドバーの確認 bodyフォームが表示される[0m
[31mrspec ./spec/system/02_after_login_spec.rb:157[0m [36m# [STEP2] ユーザログイン後のテスト 自分の投稿詳細画面のテスト サイドバーの確認 bodyフォームに値が入っていない[0m
[31mrspec ./spec/system/02_after_login_spec.rb:160[0m [36m# [STEP2] ユーザログイン後のテスト 自分の投稿詳細画面のテスト サイドバーの確認 Create Bookボタンが表示される[0m
[31mrspec ./spec/system/02_after_login_spec.rb:171[0m [36m# [STEP2] ユーザログイン後のテスト 自分の投稿詳細画面のテスト 投稿成功のテスト 自分の新しい投稿が正しく保存される[0m
[31mrspec ./spec/system/02_after_login_spec.rb:180[0m [36m# [STEP2] ユーザログイン後のテスト 自分の投稿詳細画面のテスト 編集リンクのテスト 編集画面に遷移する[0m
[31mrspec ./spec/system/02_after_login_spec.rb:189[0m [36m# [STEP2] ユーザログイン後のテスト 自分の投稿詳細画面のテスト 削除リンクのテスト application.html.erbにjavascript_pack_tagを含んでいる[0m
[31mrspec ./spec/system/02_after_login_spec.rb:203[0m [36m# [STEP2] ユーザログイン後のテスト 自分の投稿詳細画面のテスト 削除リンクのテスト 正しく削除される[0m
[31mrspec ./spec/system/02_after_login_spec.rb:206[0m [36m# [STEP2] ユーザログイン後のテスト 自分の投稿詳細画面のテスト 削除リンクのテスト リダイレクト先が、投稿一覧画面になっている[0m
[31mrspec ./spec/system/02_after_login_spec.rb:218[0m [36m# [STEP2] ユーザログイン後のテスト 自分の投稿編集画面のテスト 表示の確認 URLが正しい[0m
[31mrspec ./spec/system/02_after_login_spec.rb:221[0m [36m# [STEP2] ユーザログイン後のテスト 自分の投稿編集画面のテスト 表示の確認 「Editing Book」と表示される[0m
[31mrspec ./spec/system/02_after_login_spec.rb:224[0m [36m# [STEP2] ユーザログイン後のテスト 自分の投稿編集画面のテスト 表示の確認 title編集フォームが表示される[0m
[31mrspec ./spec/system/02_after_login_spec.rb:227[0m [36m# [STEP2] ユーザログイン後のテスト 自分の投稿編集画面のテスト 表示の確認 body編集フォームが表示される[0m
[31mrspec ./spec/system/02_after_login_spec.rb:230[0m [36m# [STEP2] ユーザログイン後のテスト 自分の投稿編集画面のテスト 表示の確認 Update Bookボタンが表示される[0m
[31mrspec ./spec/system/02_after_login_spec.rb:233[0m [36m# [STEP2] ユーザログイン後のテスト 自分の投稿編集画面のテスト 表示の確認 Showリンクが表示される[0m
[31mrspec ./spec/system/02_after_login_spec.rb:236[0m [36m# [STEP2] ユーザログイン後のテスト 自分の投稿編集画面のテスト 表示の確認 Backリンクが表示される[0m
[31mrspec ./spec/system/02_after_login_spec.rb:250[0m [36m# [STEP2] ユーザログイン後のテスト 自分の投稿編集画面のテスト 編集成功のテスト titleが正しく更新される[0m
[31mrspec ./spec/system/02_after_login_spec.rb:253[0m [36m# [STEP2] ユーザログイン後のテスト 自分の投稿編集画面のテスト 編集成功のテスト bodyが正しく更新される[0m
[31mrspec ./spec/system/02_after_login_spec.rb:256[0m [36m# [STEP2] ユーザログイン後のテスト 自分の投稿編集画面のテスト 編集成功のテスト リダイレクト先が、更新した投稿の詳細画面になっている[0m
[31mrspec ./spec/system/02_after_login_spec.rb:269[0m [36m# [STEP2] ユーザログイン後のテスト ユーザ一覧画面のテスト 表示内容の確認 URLが正しい[0m
[31mrspec ./spec/system/02_after_login_spec.rb:272[0m [36m# [STEP2] ユーザログイン後のテスト ユーザ一覧画面のテスト 表示内容の確認 自分と他人の画像が表示される: fallbackの画像がサイドバーの1つ＋一覧(2人)の2つの計3つ存在する[0m
[31mrspec ./spec/system/02_after_login_spec.rb:275[0m [36m# [STEP2] ユーザログイン後のテスト ユーザ一覧画面のテスト 表示内容の確認 自分と他人の名前がそれぞれ表示される[0m
[31mrspec ./spec/system/02_after_login_spec.rb:279[0m [36m# [STEP2] ユーザログイン後のテスト ユーザ一覧画面のテスト 表示内容の確認 自分と他人のshowリンクがそれぞれ表示される[0m
[31mrspec ./spec/system/02_after_login_spec.rb:286[0m [36m# [STEP2] ユーザログイン後のテスト ユーザ一覧画面のテスト サイドバーの確認 自分の名前と紹介文が表示される[0m
[31mrspec ./spec/system/02_after_login_spec.rb:290[0m [36m# [STEP2] ユーザログイン後のテスト ユーザ一覧画面のテスト サイドバーの確認 自分のユーザ編集画面へのリンクが存在する[0m
[31mrspec ./spec/system/02_after_login_spec.rb:293[0m [36m# [STEP2] ユーザログイン後のテスト ユーザ一覧画面のテスト サイドバーの確認 「New book」と表示される[0m
[31mrspec ./spec/system/02_after_login_spec.rb:296[0m [36m# [STEP2] ユーザログイン後のテスト ユーザ一覧画面のテスト サイドバーの確認 titleフォームが表示される[0m
[31mrspec ./spec/system/02_after_login_spec.rb:299[0m [36m# [STEP2] ユーザログイン後のテスト ユーザ一覧画面のテスト サイドバーの確認 titleフォームに値が入っていない[0m
[31mrspec ./spec/system/02_after_login_spec.rb:302[0m [36m# [STEP2] ユーザログイン後のテスト ユーザ一覧画面のテスト サイドバーの確認 bodyフォームが表示される[0m
[31mrspec ./spec/system/02_after_login_spec.rb:305[0m [36m# [STEP2] ユーザログイン後のテスト ユーザ一覧画面のテスト サイドバーの確認 bodyフォームに値が入っていない[0m
[31mrspec ./spec/system/02_after_login_spec.rb:308[0m [36m# [STEP2] ユーザログイン後のテスト ユーザ一覧画面のテスト サイドバーの確認 Create Bookボタンが表示される[0m
[31mrspec ./spec/system/02_after_login_spec.rb:320[0m [36m# [STEP2] ユーザログイン後のテスト 自分のユーザ詳細画面のテスト 表示の確認 URLが正しい[0m
[31mrspec ./spec/system/02_after_login_spec.rb:323[0m [36m# [STEP2] ユーザログイン後のテスト 自分のユーザ詳細画面のテスト 表示の確認 投稿一覧のユーザ画像のリンク先が正しい[0m
[31mrspec ./spec/system/02_after_login_spec.rb:326[0m [36m# [STEP2] ユーザログイン後のテスト 自分のユーザ詳細画面のテスト 表示の確認 投稿一覧に自分の投稿のtitleが表示され、リンクが正しい[0m
[31mrspec ./spec/system/02_after_login_spec.rb:329[0m [36m# [STEP2] ユーザログイン後のテスト 自分のユーザ詳細画面のテスト 表示の確認 投稿一覧に自分の投稿のbodyが表示される[0m
[31mrspec ./spec/system/02_after_login_spec.rb:332[0m [36m# [STEP2] ユーザログイン後のテスト 自分のユーザ詳細画面のテスト 表示の確認 他人の投稿は表示されない[0m
[31mrspec ./spec/system/02_after_login_spec.rb:340[0m [36m# [STEP2] ユーザログイン後のテスト 自分のユーザ詳細画面のテスト サイドバーの確認 自分の名前と紹介文が表示される[0m
[31mrspec ./spec/system/02_after_login_spec.rb:344[0m [36m# [STEP2] ユーザログイン後のテスト 自分のユーザ詳細画面のテスト サイドバーの確認 自分のユーザ編集画面へのリンクが存在する[0m
[31mrspec ./spec/system/02_after_login_spec.rb:347[0m [36m# [STEP2] ユーザログイン後のテスト 自分のユーザ詳細画面のテスト サイドバーの確認 「New book」と表示される[0m
[31mrspec ./spec/system/02_after_login_spec.rb:350[0m [36m# [STEP2] ユーザログイン後のテスト 自分のユーザ詳細画面のテスト サイドバーの確認 titleフォームが表示される[0m
[31mrspec ./spec/system/02_after_login_spec.rb:353[0m [36m# [STEP2] ユーザログイン後のテスト 自分のユーザ詳細画面のテスト サイドバーの確認 titleフォームに値が入っていない[0m
[31mrspec ./spec/system/02_after_login_spec.rb:356[0m [36m# [STEP2] ユーザログイン後のテスト 自分のユーザ詳細画面のテスト サイドバーの確認 bodyフォームが表示される[0m
[31mrspec ./spec/system/02_after_login_spec.rb:359[0m [36m# [STEP2] ユーザログイン後のテスト 自分のユーザ詳細画面のテスト サイドバーの確認 bodyフォームに値が入っていない[0m
[31mrspec ./spec/system/02_after_login_spec.rb:362[0m [36m# [STEP2] ユーザログイン後のテスト 自分のユーザ詳細画面のテスト サイドバーの確認 Create Bookボタンが表示される[0m
[31mrspec ./spec/system/02_after_login_spec.rb:374[0m [36m# [STEP2] ユーザログイン後のテスト 自分のユーザ情報編集画面のテスト 表示の確認 URLが正しい[0m
[31mrspec ./spec/system/02_after_login_spec.rb:377[0m [36m# [STEP2] ユーザログイン後のテスト 自分のユーザ情報編集画面のテスト 表示の確認 名前編集フォームに自分の名前が表示される[0m
[31mrspec ./spec/system/02_after_login_spec.rb:380[0m [36m# [STEP2] ユーザログイン後のテスト 自分のユーザ情報編集画面のテスト 表示の確認 画像編集フォームが表示される[0m
[31mrspec ./spec/system/02_after_login_spec.rb:383[0m [36m# [STEP2] ユーザログイン後のテスト 自分のユーザ情報編集画面のテスト 表示の確認 自己紹介編集フォームに自分の自己紹介文が表示される[0m
[31mrspec ./spec/system/02_after_login_spec.rb:386[0m [36m# [STEP2] ユーザログイン後のテスト 自分のユーザ情報編集画面のテスト 表示の確認 Update Userボタンが表示される[0m
[31mrspec ./spec/system/02_after_login_spec.rb:402[0m [36m# [STEP2] ユーザログイン後のテスト 自分のユーザ情報編集画面のテスト 更新成功のテスト nameが正しく更新される[0m
[31mrspec ./spec/system/02_after_login_spec.rb:405[0m [36m# [STEP2] ユーザログイン後のテスト 自分のユーザ情報編集画面のテスト 更新成功のテスト introductionが正しく更新される[0m
[31mrspec ./spec/system/02_after_login_spec.rb:408[0m [36m# [STEP2] ユーザログイン後のテスト 自分のユーザ情報編集画面のテスト 更新成功のテスト リダイレクト先が、自分のユーザ詳細画面になっている[0m
[31mrspec ./spec/system/03_finishing_touches_spec.rb:12[0m [36m# [STEP3] 仕上げのテスト サクセスメッセージのテスト ユーザ新規登録成功時[0m
[31mrspec ./spec/system/03_finishing_touches_spec.rb:21[0m [36m# [STEP3] 仕上げのテスト サクセスメッセージのテスト ユーザログイン成功時[0m
[31mrspec ./spec/system/03_finishing_touches_spec.rb:28[0m [36m# [STEP3] 仕上げのテスト サクセスメッセージのテスト ユーザログアウト成功時[0m
[31mrspec ./spec/system/03_finishing_touches_spec.rb:38[0m [36m# [STEP3] 仕上げのテスト サクセスメッセージのテスト ユーザのプロフィール情報更新成功時[0m
[31mrspec ./spec/system/03_finishing_touches_spec.rb:47[0m [36m# [STEP3] 仕上げのテスト サクセスメッセージのテスト 投稿データの新規投稿成功時: 投稿一覧画面から行います。[0m
[31mrspec ./spec/system/03_finishing_touches_spec.rb:58[0m [36m# [STEP3] 仕上げのテスト サクセスメッセージのテスト 投稿データの更新成功時[0m
[31mrspec ./spec/system/03_finishing_touches_spec.rb:81[0m [36m# [STEP3] 仕上げのテスト 処理失敗時のテスト ユーザ新規登録失敗: nameを1文字にする 新規登録されない[0m
[31mrspec ./spec/system/03_finishing_touches_spec.rb:84[0m [36m# [STEP3] 仕上げのテスト 処理失敗時のテスト ユーザ新規登録失敗: nameを1文字にする 新規登録画面を表示しており、フォームの内容が正しい[0m
[31mrspec ./spec/system/03_finishing_touches_spec.rb:90[0m [36m# [STEP3] 仕上げのテスト 処理失敗時のテスト ユーザ新規登録失敗: nameを1文字にする バリデーションエラーが表示される[0m
[31mrspec ./spec/system/03_finishing_touches_spec.rb:109[0m [36m# [STEP3] 仕上げのテスト 処理失敗時のテスト ユーザのプロフィール情報編集失敗: nameを1文字にする 更新されない[0m
[31mrspec ./spec/system/03_finishing_touches_spec.rb:112[0m [36m# [STEP3] 仕上げのテスト 処理失敗時のテスト ユーザのプロフィール情報編集失敗: nameを1文字にする ユーザ編集画面を表示しており、フォームの内容が正しい[0m
[31mrspec ./spec/system/03_finishing_touches_spec.rb:115[0m [36m# [STEP3] 仕上げのテスト 処理失敗時のテスト ユーザのプロフィール情報編集失敗: nameを1文字にする バリデーションエラーが表示される[0m
[31mrspec ./spec/system/03_finishing_touches_spec.rb:131[0m [36m# [STEP3] 仕上げのテスト 処理失敗時のテスト 投稿データの新規投稿失敗: 投稿一覧画面から行い、titleを空にする 投稿が保存されない[0m
[31mrspec ./spec/system/03_finishing_touches_spec.rb:134[0m [36m# [STEP3] 仕上げのテスト 処理失敗時のテスト 投稿データの新規投稿失敗: 投稿一覧画面から行い、titleを空にする 投稿一覧画面を表示している[0m
[31mrspec ./spec/system/03_finishing_touches_spec.rb:140[0m [36m# [STEP3] 仕上げのテスト 処理失敗時のテスト 投稿データの新規投稿失敗: 投稿一覧画面から行い、titleを空にする 新規投稿フォームの内容が正しい[0m
[31mrspec ./spec/system/03_finishing_touches_spec.rb:144[0m [36m# [STEP3] 仕上げのテスト 処理失敗時のテスト 投稿データの新規投稿失敗: 投稿一覧画面から行い、titleを空にする バリデーションエラーが表示される[0m
[31mrspec ./spec/system/03_finishing_touches_spec.rb:162[0m [36m# [STEP3] 仕上げのテスト 処理失敗時のテスト 投稿データの更新失敗: titleを空にする 投稿が更新されない[0m
[31mrspec ./spec/system/03_finishing_touches_spec.rb:165[0m [36m# [STEP3] 仕上げのテスト 処理失敗時のテスト 投稿データの更新失敗: titleを空にする 投稿編集画面を表示しており、フォームの内容が正しい[0m
[31mrspec ./spec/system/03_finishing_touches_spec.rb:170[0m [36m# [STEP3] 仕上げのテスト 処理失敗時のテスト 投稿データの更新失敗: titleを空にする エラーメッセージが表示される[0m
[31mrspec ./spec/system/03_finishing_touches_spec.rb:179[0m [36m# [STEP3] 仕上げのテスト ログインしていない場合のアクセス制限のテスト: アクセスできず、ログイン画面に遷移する ユーザ一覧画面[0m
[31mrspec ./spec/system/03_finishing_touches_spec.rb:183[0m [36m# [STEP3] 仕上げのテスト ログインしていない場合のアクセス制限のテスト: アクセスできず、ログイン画面に遷移する ユーザ詳細画面[0m
[31mrspec ./spec/system/03_finishing_touches_spec.rb:187[0m [36m# [STEP3] 仕上げのテスト ログインしていない場合のアクセス制限のテスト: アクセスできず、ログイン画面に遷移する ユーザ情報編集画面[0m
[31mrspec ./spec/system/03_finishing_touches_spec.rb:191[0m [36m# [STEP3] 仕上げのテスト ログインしていない場合のアクセス制限のテスト: アクセスできず、ログイン画面に遷移する 投稿一覧画面[0m
[31mrspec ./spec/system/03_finishing_touches_spec.rb:195[0m [36m# [STEP3] 仕上げのテスト ログインしていない場合のアクセス制限のテスト: アクセスできず、ログイン画面に遷移する 投稿詳細画面[0m
[31mrspec ./spec/system/03_finishing_touches_spec.rb:199[0m [36m# [STEP3] 仕上げのテスト ログインしていない場合のアクセス制限のテスト: アクセスできず、ログイン画面に遷移する 投稿編集画面[0m
[31mrspec ./spec/system/03_finishing_touches_spec.rb:219[0m [36m# [STEP3] 仕上げのテスト 他人の画面のテスト 他人の投稿詳細画面のテスト 表示内容の確認 URLが正しい[0m
[31mrspec ./spec/system/03_finishing_touches_spec.rb:222[0m [36m# [STEP3] 仕上げのテスト 他人の画面のテスト 他人の投稿詳細画面のテスト 表示内容の確認 「Book detail」と表示される[0m
[31mrspec ./spec/system/03_finishing_touches_spec.rb:225[0m [36m# [STEP3] 仕上げのテスト 他人の画面のテスト 他人の投稿詳細画面のテスト 表示内容の確認 ユーザ画像・名前のリンク先が正しい[0m
[31mrspec ./spec/system/03_finishing_touches_spec.rb:228[0m [36m# [STEP3] 仕上げのテスト 他人の画面のテスト 他人の投稿詳細画面のテスト 表示内容の確認 投稿のtitleが表示される[0m
[31mrspec ./spec/system/03_finishing_touches_spec.rb:231[0m [36m# [STEP3] 仕上げのテスト 他人の画面のテスト 他人の投稿詳細画面のテスト 表示内容の確認 投稿のopinionが表示される[0m
[31mrspec ./spec/system/03_finishing_touches_spec.rb:234[0m [36m# [STEP3] 仕上げのテスト 他人の画面のテスト 他人の投稿詳細画面のテスト 表示内容の確認 投稿の編集リンクが表示されない[0m
[31mrspec ./spec/system/03_finishing_touches_spec.rb:237[0m [36m# [STEP3] 仕上げのテスト 他人の画面のテスト 他人の投稿詳細画面のテスト 表示内容の確認 投稿の削除リンクが表示されない[0m
[31mrspec ./spec/system/03_finishing_touches_spec.rb:243[0m [36m# [STEP3] 仕上げのテスト 他人の画面のテスト 他人の投稿詳細画面のテスト サイドバーの確認 他人の名前と紹介文が表示される[0m
[31mrspec ./spec/system/03_finishing_touches_spec.rb:247[0m [36m# [STEP3] 仕上げのテスト 他人の画面のテスト 他人の投稿詳細画面のテスト サイドバーの確認 他人のユーザ編集画面へのリンクが存在する[0m
[31mrspec ./spec/system/03_finishing_touches_spec.rb:250[0m [36m# [STEP3] 仕上げのテスト 他人の画面のテスト 他人の投稿詳細画面のテスト サイドバーの確認 自分の名前と紹介文は表示されない[0m
[31mrspec ./spec/system/03_finishing_touches_spec.rb:254[0m [36m# [STEP3] 仕上げのテスト 他人の画面のテスト 他人の投稿詳細画面のテスト サイドバーの確認 自分のユーザ編集画面へのリンクは存在しない[0m
[31mrspec ./spec/system/03_finishing_touches_spec.rb:265[0m [36m# [STEP3] 仕上げのテスト 他人の画面のテスト 他人の投稿編集画面 遷移できず、投稿一覧画面にリダイレクトされる[0m
[31mrspec ./spec/system/03_finishing_touches_spec.rb:278[0m [36m# [STEP3] 仕上げのテスト 他人の画面のテスト 他人のユーザ詳細画面のテスト 表示の確認 URLが正しい[0m
[31mrspec ./spec/system/03_finishing_touches_spec.rb:281[0m [36m# [STEP3] 仕上げのテスト 他人の画面のテスト 他人のユーザ詳細画面のテスト 表示の確認 投稿一覧のユーザ画像のリンク先が正しい[0m
[31mrspec ./spec/system/03_finishing_touches_spec.rb:284[0m [36m# [STEP3] 仕上げのテスト 他人の画面のテスト 他人のユーザ詳細画面のテスト 表示の確認 投稿一覧に他人の投稿のtitleが表示され、リンクが正しい[0m
[31mrspec ./spec/system/03_finishing_touches_spec.rb:287[0m [36m# [STEP3] 仕上げのテスト 他人の画面のテスト 他人のユーザ詳細画面のテスト 表示の確認 投稿一覧に他人の投稿のopinionが表示される[0m
[31mrspec ./spec/system/03_finishing_touches_spec.rb:290[0m [36m# [STEP3] 仕上げのテスト 他人の画面のテスト 他人のユーザ詳細画面のテスト 表示の確認 自分の投稿は表示されない[0m
[31mrspec ./spec/system/03_finishing_touches_spec.rb:297[0m [36m# [STEP3] 仕上げのテスト 他人の画面のテスト 他人のユーザ詳細画面のテスト サイドバーの確認 他人の名前と紹介文が表示される[0m
[31mrspec ./spec/system/03_finishing_touches_spec.rb:301[0m [36m# [STEP3] 仕上げのテスト 他人の画面のテスト 他人のユーザ詳細画面のテスト サイドバーの確認 他人のユーザ編集画面へのリンクが存在する[0m
[31mrspec ./spec/system/03_finishing_touches_spec.rb:304[0m [36m# [STEP3] 仕上げのテスト 他人の画面のテスト 他人のユーザ詳細画面のテスト サイドバーの確認 自分の名前と紹介文は表示されない[0m
[31mrspec ./spec/system/03_finishing_touches_spec.rb:308[0m [36m# [STEP3] 仕上げのテスト 他人の画面のテスト 他人のユーザ詳細画面のテスト サイドバーの確認 自分のユーザ編集画面へのリンクは存在しない[0m
[31mrspec ./spec/system/03_finishing_touches_spec.rb:315[0m [36m# [STEP3] 仕上げのテスト 他人の画面のテスト 他人のユーザ情報編集画面 遷移できず、自分のユーザ詳細画面にリダイレクトされる[0m
[31mrspec ./spec/system/03_finishing_touches_spec.rb:332[0m [36m# [STEP3] 仕上げのテスト グリッドシステムのテスト: container, row, col-md-〇を正しく使えている ユーザ一覧画面[0m
[31mrspec ./spec/system/03_finishing_touches_spec.rb:337[0m [36m# [STEP3] 仕上げのテスト グリッドシステムのテスト: container, row, col-md-〇を正しく使えている ユーザ詳細画面[0m
[31mrspec ./spec/system/03_finishing_touches_spec.rb:342[0m [36m# [STEP3] 仕上げのテスト グリッドシステムのテスト: container, row, col-md-〇を正しく使えている 投稿一覧画面[0m
[31mrspec ./spec/system/03_finishing_touches_spec.rb:347[0m [36m# [STEP3] 仕上げのテスト グリッドシステムのテスト: container, row, col-md-〇を正しく使えている 投稿詳細画面[0m
[31mrspec ./spec/system/03_finishing_touches_spec.rb:410[0m [36m# [STEP3] 仕上げのテスト アイコンのテスト ヘッダー: ログインしている場合 Homeリンクのアイコンが表示される[0m
[31mrspec ./spec/system/03_finishing_touches_spec.rb:413[0m [36m# [STEP3] 仕上げのテスト アイコンのテスト ヘッダー: ログインしている場合 Usersリンクのアイコンが表示される[0m
[31mrspec ./spec/system/03_finishing_touches_spec.rb:416[0m [36m# [STEP3] 仕上げのテスト アイコンのテスト ヘッダー: ログインしている場合 Booksリンクのアイコンが表示される[0m
[31mrspec ./spec/system/03_finishing_touches_spec.rb:419[0m [36m# [STEP3] 仕上げのテスト アイコンのテスト ヘッダー: ログインしている場合 Log outリンクのアイコンが表示される[0m
[31mrspec ./spec/system/03_finishing_touches_spec.rb:434[0m [36m# [STEP3] 仕上げのテスト アイコンのテスト サイドバー ユーザ一覧画面でレンチアイコンが表示される[0m
[31mrspec ./spec/system/03_finishing_touches_spec.rb:438[0m [36m# [STEP3] 仕上げのテスト アイコンのテスト サイドバー ユーザ詳細画面でレンチアイコンが表示される[0m
[31mrspec ./spec/system/03_finishing_touches_spec.rb:442[0m [36m# [STEP3] 仕上げのテスト アイコンのテスト サイドバー 投稿一覧画面でレンチアイコンが表示される[0m
[31mrspec ./spec/system/03_finishing_touches_spec.rb:446[0m [36m# [STEP3] 仕上げのテスト アイコンのテスト サイドバー 投稿詳細画面でレンチアイコンが表示される[0m

